t,x,y,z,roll,pitch,yaw
0.1,2.3631701285884984e-09,3.4025029834057246e-15,0.23843730581242376,1.0429071046968546e-10,-7.242703109482142e-05,-4.8554145543775295e-17
0.2,3.182410648604983e-08,2.740528521226707e-13,0.23302528077848242,8.415219765677016e-09,-0.0009796862768924107,-5.296367773305423e-14
0.30000000000000004,8.76991562237284e-08,-1.3040380224329018e-09,0.22596885406677938,-4.000388482100993e-05,-0.0027319728419690375,-3.077500324390436e-05
0.4,8.769521407041425e-08,-1.30307305973208e-09,0.22598885043155437,-4.000412841409787e-05,-0.0027319738393086026,-3.077503383392717e-05
0.5,8.769100870887376e-08,-1.302299191074568e-09,0.2260088467981452,-4.0004323777037826e-05,-0.002731974903064862,-3.077500097355056e-05
0.6,8.768612692202051e-08,-1.3021239865707193e-09,0.226028843165404,-4.000436803342148e-05,-0.0027319761375406743,-3.077498939093061e-05
0.7,8.768129283073338e-08,-1.301904056716839e-09,0.22604883953270902,-4.000442357673117e-05,-0.0027319773599767403,-3.077502476537932e-05
0.7999999999999999,8.767670557552571e-08,-1.301461647413224e-09,0.22606883589983962,-4.000453527703329e-05,-0.0027319785201137103,-3.0775009965651245e-05
0.8999999999999999,8.767185084943295e-08,-1.3012587944912153e-09,0.22608883226692245,-4.000458651045454e-05,-0.0027319797477615873,-3.0775033265186845e-05
0.9999999999999999,8.766765992490677e-08,-1.300458925525125e-09,0.22610882863371437,-4.0004788435353346e-05,-0.0027319808078677013,-3.0775021391199693e-05
1.0999999999999999,8.76645216730306e-08,-1.2977149954778892e-09,0.22612882500128925,-4.000548105048207e-05,-0.0027319816022588605,-3.07750141327992e-05
1.2,8.766208711874798e-08,-1.2906583235636152e-09,0.22614882137607845,-4.000726221726905e-05,-0.0027319822188911417,-3.077501434417798e-05
1.3,8.766208511344104e-08,-1.28396981129804e-09,0.22616881777455172,-4.0008950450859537e-05,-0.0027319822210679122,-3.077501437591192e-05
1.4000000000000001,8.766681530862101e-08,-1.280393207078174e-09,0.22618881420186723,-4.000985321589086e-05,-0.002731981028244173,-3.0775048737337194e-05
1.5000000000000002,8.768052381888711e-08,-1.2805028962514794e-09,0.22620881066739615,-4.000982553550283e-05,-0.0027319775684942365,-3.0775063269132666e-05
1.6000000000000003,8.770223011792231e-08,-1.2851172104182934e-09,0.22622880718081895,-4.000866085698416e-05,-0.0027319720891163307,-3.0775048661518536e-05
1.7000000000000004,8.773100685057691e-08,-1.2940827136280657e-09,0.22624880375400067,-4.000639790271694e-05,-0.0027319648239450306,-3.077504853388727e-05
1.8000000000000005,8.776907239071494e-08,-1.3074446351100997e-09,0.22626880039220784,-4.000302525609854e-05,-0.002731955212954151,-3.077505281531955e-05
1.9000000000000006,8.781809831285993e-08,-1.323201933322848e-09,0.2262887971046284,-3.999904798658183e-05,-0.002731942834048898,-3.077505895866791e-05
2.0000000000000004,8.788105885364772e-08,-1.3457517763727823e-09,0.22630879391035671,-3.999335622090397e-05,-0.0027319269361320074,-3.077508777607095e-05
2.1000000000000005,8.796201134864769e-08,-1.3778560413248695e-09,0.226328790829624,-3.9985252845270645e-05,-0.002731906494697924,-3.077517090005173e-05
2.2000000000000006,8.806270241283548e-08,-1.419184239868493e-09,0.22634878787792406,-3.9974821276531246e-05,-0.0027318810685970914,-3.077522741755005e-05
2.3000000000000007,1.0893555176480016e-05,-1.6077597043749986e-07,0.2269991797376578,2.460582757410374e-07,-4.527302799199878e-06,-3.078023432543848e-05
2.400000000000001,1.0893555176480016e-05,-1.6077597043749986e-07,0.2269991797376578,2.460582757410374e-07,-4.527302799199878e-06,-3.078023432543848e-05
2.500000000000001,1.0893555176480016e-05,-1.6077597043749986e-07,0.2269991797376578,2.460582757410374e-07,-4.527302799199878e-06,-3.078023432543848e-05
2.600000000000001,1.0893555176480016e-05,-1.6077597043749986e-07,0.2269991797376578,2.460582757410374e-07,-4.527302799199878e-06,-3.078023432543848e-05
2.700000000000001,1.0893555176480016e-05,-1.6077597043749986e-07,0.2269991797376578,2.460582757410374e-07,-4.527302799199878e-06,-3.078023432543848e-05
2.800000000000001,1.0893555176480016e-05,-1.6077597043749986e-07,0.2269991797376578,2.460582757410374e-07,-4.527302799199878e-06,-3.078023432543848e-05
2.9000000000000012,1.0893555176480016e-05,-1.6077597043749986e-07,0.2269991797376578,2.460582757410374e-07,-4.527302799199878e-06,-3.078023432543848e-05
3.0000000000000013,1.0893555176480016e-05,-1.6077597043749986e-07,0.2269991797376578,2.460582757410374e-07,-4.527302799199878e-06,-3.078023432543848e-05
3.1000000000000014,1.0893555176480016e-05,-1.6077597043749986e-07,0.2269991797376578,2.460582757410374e-07,-4.527302799199878e-06,-3.078023432543848e-05
3.2000000000000015,1.0893555176480016e-05,-1.6077597043749986e-07,0.2269991797376578,2.460582757410374e-07,-4.527302799199878e-06,-3.078023432543848e-05
3.3000000000000016,1.0893555176480016e-05,-1.6077597043749986e-07,0.2269991797376578,2.460582757410374e-07,-4.527302799199878e-06,-3.078023432543848e-05
3.4000000000000017,1.0893555176480016e-05,-1.6077597043749986e-07,0.2269991797376578,2.460582757410374e-07,-4.527302799199878e-06,-3.078023432543848e-05
3.5000000000000018,1.0893555176480016e-05,-1.6077597043749986e-07,0.2269991797376578,2.460582757410374e-07,-4.527302799199878e-06,-3.078023432543848e-05
3.600000000000002,1.0893555176480016e-05,-1.6077597043749986e-07,0.2269991797376578,2.460582757410374e-07,-4.527302799199878e-06,-3.078023432543848e-05
3.700000000000002,1.0893555176480016e-05,-1.6077597043749986e-07,0.2269991797376578,2.460582757410374e-07,-4.527302799199878e-06,-3.078023432543848e-05
3.800000000000002,1.0893555176480016e-05,-1.6077597043749986e-07,0.2269991797376578,2.460582757410374e-07,-4.527302799199878e-06,-3.078023432543848e-05
3.900000000000002,1.0893555176480016e-05,-1.6077597043749986e-07,0.2269991797376578,2.460582757410374e-07,-4.527302799199878e-06,-3.078023432543848e-05
4.000000000000002,1.0893555176480016e-05,-1.6077597043749986e-07,0.2269991797376578,2.460582757410374e-07,-4.527302799199878e-06,-3.078023432543848e-05
4.100000000000001,1.0893555176480016e-05,-1.6077597043749986e-07,0.2269991797376578,2.460582757410374e-07,-4.527302799199878e-06,-3.078023432543848e-05
4.200000000000001,1.0893555176480016e-05,-1.6077597043749986e-07,0.2269991797376578,2.460582757410374e-07,-4.527302799199878e-06,-3.078023432543848e-05
4.300000000000001,1.0893555176480016e-05,-1.6077597043749986e-07,0.2269991797376578,2.460582757410374e-07,-4.527302799199878e-06,-3.078023432543848e-05
4.4,2.2154539663022666e-05,-8.56196413470568e-07,0.2270065762011543,7.918623631961818e-05,0.0029454982577225043,0.00014463322849084538
4.5,-11.167663556847906,41.235008008551354,2.017920442417311,61.843274403187344,-6.8655208372288845,-168.7044429322937
4.6,-11.057864803530926,41.54575178353106,1.934671147906626,84.80520807389195,-2.9898724706863424,-179.2740223671641
4.699999999999999,-10.948514066693587,41.86087631359345,1.8481715306531625,105.66301703980659,4.684300662199619,170.38560984075374
4.799999999999999,-10.838598950776834,42.18025830024488,1.756512565539745,123.84441706857201,16.15270171638536,161.27297693937177
4.899999999999999,-10.72688665135732,42.50279442185982,1.6582646097622997,139.51439377604987,30.952461492079067,153.9933928013091
4.999999999999998,-10.612275794968626,42.82668999443695,1.5528815920480414,153.67457647574344,48.442851591672174,149.22118497345932
5.099999999999998,-10.49407867685021,43.14998130294433,1.440788350795349,170.3430062934868,67.86536390874673,150.21797492481167
5.1999999999999975,-10.372183522700437,43.471022535971045,1.3231948479357996,-106.08741261502925,84.20648107927431,-139.3688916038498
5.299999999999997,-10.247000301722846,43.78880658527311,1.2017196503342662,-25.078437286721563,66.45505183797155,-69.78353938246552
5.399999999999997,-10.119335853945586,44.10307999354793,1.0780180085439504,-12.633108779142937,43.239285429104,-67.72858922637526
5.4999999999999964,-9.990195662542861,44.4142831456846,0.9535160945199536,-5.39395294577306,19.306783474650363,-70.7657055098516
5.599999999999996,-9.860640533128668,44.723449927332084,0.8292132091813189,0.7729575256401714,-4.794493295501431,-76.09192273229074
5.699999999999996,-9.731637926359081,45.03208040239676,0.7055301142572485,8.075485703956016,-28.484429501749275,-84.48043890231455
5.799999999999995,-9.603883490631311,45.341902667698875,0.5821177766923553,21.03848741915715,-50.66912560972693,-100.13734448394796
5.899999999999995,-9.477610686485328,45.65452064738324,0.45784783809693624,55.492275635231664,-66.77439571239503,-138.87345037419342
5.999999999999995,-9.352497580205624,45.97104532114745,0.33104640842620175,110.1857244878028,-63.24904674102236,160.24898662219374
6.099999999999994,-9.225934878881585,46.28517060148512,0.29492550413700935,-151.1642189871773,-48.07735142170192,81.66969153194982
6.199999999999994,-9.122512159155987,46.60171005557667,0.3861787697809964,-123.26871412737849,-13.962461512459075,71.49233968548478
6.299999999999994,-9.0371669551584,46.920246684676236,0.5447811328935465,-115.04910638917028,16.576684902574744,75.63977286960323
6.399999999999993,-8.955513245251447,47.2381511562989,0.6972001905237314,-96.17251783859766,44.16630616174695,84.6137258797806
6.499999999999993,-8.878039761533014,47.55495037674992,0.8450231651137877,-55.732535289910494,65.87874315997493,110.69572111984276
6.5999999999999925,-29.235265862315558,104.81793045416133,0.060278499073769094,179.951348300518,-0.027602431554036837,-101.05218451872302
6.699999999999992,-29.287481977652558,104.82165642610163,0.06039346242847102,179.94313339438133,-0.01705372671431301,-85.14944389705076
6.799999999999992,-29.34319882568363,104.82430605665772,0.0604399598662091,-179.8731003039187,0.05051286324998983,-70.88250829998461
6.8999999999999915,-29.393293555521836,104.83097725016393,0.06039519709883761,-179.98647407610397,-1.1504218380533314e-05,-58.696458702352984
6.999999999999991,-29.43917417270263,104.8399236625059,0.06040802477389006,-179.98763967793252,0.0006334687250405603,-47.899567706048444
7.099999999999991,-29.482181230722354,104.85263074385377,0.06034922613230196,179.93200549951595,0.01605795240349119,-38.590894473891254
7.19999999999999,-29.528081522267474,104.86375744908331,0.06036135875755122,179.98743156396068,-0.004673677172611192,-29.854519570787915
7.29999999999999,-29.574900032644837,104.87084541030958,0.060390888652179224,179.98586278397445,-0.0004505486896738995,-19.475268591356443
7.39999999999999,-29.623941756496937,104.87249686889784,0.06041223775692559,179.99406654280105,7.767934656260984e-05,-8.128319422110465
7.499999999999989,-29.673936577868908,104.87422175827055,0.06041587653860626,179.99555655901295,0.00022024480316461657,3.0399869868649594
7.599999999999989,-29.722959516307576,104.87193596601237,0.06041884902964038,-179.99968398386076,-0.0029259039610953475,14.13024812256298
7.699999999999989,-29.767398777056336,104.87259711598195,0.06034227491323577,179.98850496487714,0.04889462074731453,25.335500137315677
7.799999999999988,-29.81460784423772,104.87104877774058,0.06040805624082559,179.99308821288056,0.01763071953850756,35.64352758517953
7.899999999999988,-29.858349464468265,104.87056219196893,0.060494896334198946,-179.95557261172866,-0.07205806226082995,43.15609408954161
7.999999999999988,-29.90180259346297,104.87151011982527,0.06035138535419968,179.93768067607985,0.08425249623004662,48.65905371431481
8.099999999999987,-29.941196001416234,104.86920933248489,0.0603277607323993,179.9749921898972,-0.0038419693993615492,53.13640008039333
8.199999999999987,-29.973948561965436,104.8615580524055,0.060405366305650465,179.9793093522322,-0.0001322694113121842,59.05598768012781
8.299999999999986,-30.00507998165033,104.85189131657229,0.06040330474965781,179.99204914235895,0.0013426703453898897,64.74098808880156
8.399999999999986,-30.035551256919515,104.839237534395,0.060256132675772456,-179.9514895030332,0.0034392032542793867,68.61952432679587
8.499999999999986,-30.070129985901122,104.82860866419135,0.060382869758700504,-179.95875283989082,-0.00045578011839686005,70.9170166106392
8.599999999999985,-30.104446710680197,104.81826659066252,0.06039269977589371,-179.98516732815088,-0.00480323273831838,72.66393641080306
8.699999999999985,-30.138490996247395,104.81253078334716,0.060342723097214994,179.92952750138738,0.03743093771910595,72.65892622171759
8.799999999999985,-30.169365242799266,104.80240398724453,0.06036651064865363,-179.9686897287337,-0.013859686884716433,72.64965872329738
8.899999999999984,-30.73078352111013,108.84098735501041,0.0603648756103003,-179.9992689963068,-0.022118168084042163,96.7943223849043
8.999999999999984,-30.71353856623871,108.86045263903338,0.06038362260227084,179.98315226022137,0.018249331844946058,94.51547989045646
9.099999999999984,-30.696267132391895,108.87926550629889,0.0603894164072664,-179.9840147124804,0.005441566398776261,92.12633776901006
9.199999999999983,-30.681168616014865,108.8978411130674,0.060478613437955554,179.88131700234135,-0.06876937433181786,88.9428168755844
9.299999999999983,-30.661785124485004,108.91904926034046,0.060398054559812106,-179.98635143179726,-6.799442957058994e-05,85.18935031346038
9.399999999999983,-30.647516348174978,108.93900536479296,0.060408814387626325,-179.99806455643437,-0.004730799102630893,81.20444446954153
9.499999999999982,-30.633949392389507,108.96403707655918,0.060415561634231146,-179.99863764402448,-0.0020361189073121325,76.46933524727852
9.599999999999982,-30.62083386461286,108.99409183813623,0.060422842038128345,-179.99871468901534,-0.002886707405451571,71.480537822775
9.699999999999982,-30.610282672829396,109.02878134004703,0.06032229462167545,179.9996551046144,0.06570126716538303,66.7444009434902
9.799999999999981,-30.59973498707611,109.05838386521472,0.060376845958502214,-179.99619139670287,0.026480824055663453,61.83535255681428
9.89999999999998,-30.590277448182214,109.08487594232695,0.06038102002854488,179.98964270965232,-0.008207392040372253,58.39747508478225
9.99999999999998,-30.573212565403317,109.11144440050992,0.06041896281573611,179.99091779187364,-0.005850415281414266,57.46630909574995
10.09999999999998,-30.549603729965323,109.14046893702266,0.06030597398820451,179.97769547530447,-0.03930994459820033,57.24682329234414
10.19999999999998,-30.519613216944286,109.17071932030134,0.06039134808112177,179.9821217760382,-0.021488942842616734,59.30731067842712
10.29999999999998,-30.48282445024853,109.20242413985724,0.060416550863967675,179.96506133922242,0.11441912429246978,61.22586353493649
10.399999999999979,-30.443799155753563,109.22826845532279,0.060385324434812225,-179.96946959458228,-0.06265684121344291,61.90043669759451
10.499999999999979,-30.406923657645454,109.2576377957517,0.06037536186018627,179.97728157387192,0.04876204967969242,61.75816002584861
10.599999999999978,-30.368757360215607,109.28337506152869,0.06037426682582924,-179.97953830690764,-0.055949815518517944,60.417819923460094
10.699999999999978,-30.332507037191007,109.31295033725833,0.06042758025174357,179.99950737368874,0.009982244258158166,58.34224203301143
10.799999999999978,-30.295514434750118,109.34200092572367,0.06042113606091928,-179.99979772663366,-0.001197399383570194,55.55024879096313
10.899999999999977,-30.25997631180069,109.37551148714444,0.06039190830213889,179.95821191015438,0.09999015399935422,53.12357233109503
10.999999999999977,-30.22430825706195,109.40518098567183,0.06030309227491803,-179.99137413087664,-0.00153893373688482,50.574494255118566
11.099999999999977,-30.19430077389588,109.43842532750908,0.060331612328085295,-179.99336632755538,-0.0020409734953245745,48.30109468790816
11.199999999999976,-30.167956736776635,109.47904198437062,0.060355587759636696,-179.9925828134531,-0.0020817728972059384,47.94557394285882
11.299999999999976,-27.795408669302713,116.86387688797589,0.060405043323399125,-179.9890626650623,0.0021622965675178727,7.340248644204298
11.399999999999975,-27.817935472408823,116.85313436129789,0.06041445591659817,-179.99226068411107,-0.0010089513553268126,8.060753641011352
11.499999999999975,-27.83762783274292,116.84571398101116,0.06032662524572422,179.97631678257477,0.003276816375726425,8.68267690504448
11.599999999999975,-27.855626623489982,116.83258009524158,0.06038522344275708,179.9912092042214,0.0021683343393486838,9.24109927368963
11.699999999999974,-27.873087265704857,116.81711939992339,0.060400649453268174,179.99302151653856,0.001227358296912241,7.858010868346106
11.799999999999974,-27.88923082631829,116.79465065897027,0.06034804200724764,-179.88808055383572,-0.040485791169168006,5.556502782392619
11.899999999999974,-27.903152962735167,116.77562982989161,0.060456634536965224,-179.9819824224523,-0.1022363428981825,4.852280913556783
11.999999999999973,-27.91171349391264,116.76225343687588,0.0603670865236477,179.99090578250465,-0.01710922460616052,4.501386592865058
12.099999999999973,-27.913292500285326,116.74549657130883,0.060432654922635824,179.9920708295087,-0.016990868849814603,5.293898792271117
12.199999999999973,-27.91321269422564,116.72543374247685,0.06037272808331508,-179.97718051075177,0.010061824208484855,6.496062119057224
12.299999999999972,-27.916008746866975,116.71006560007207,0.060392276867392916,179.99409309950042,-0.022171261570010287,7.295454531328565
12.399999999999972,-27.91782395141511,116.69561646645653,0.06040555236451357,-179.99860269779418,0.006083911339142983,7.810825426737324
12.499999999999972,-27.924149593507114,116.6834728196973,0.06040931847169185,179.98745374647086,-0.031703427525445894,7.945123593634568
12.599999999999971,-27.93100257039136,116.6714902017948,0.060344260273390384,-179.96922460540185,-0.002482024765905453,7.892103672361121
12.69999999999997,-27.93778904148219,116.66484937676047,0.060393113588202346,-179.98634242270188,0.007795805397389116,7.899785497618586
12.79999999999997,-27.94634009238556,116.6603823117523,0.06041067716059218,-179.99203473486625,0.0008086451413200027,9.670851279068641
12.89999999999997,-27.955520374151874,116.65771367204412,0.060421529955934423,179.99338047360862,-0.003585000474190274,11.567367041169806
12.99999999999997,-27.960740153332363,116.65359067798799,0.06031268278098438,179.98430749562218,-0.010296032746696321,16.11497336367538
13.09999999999997,-27.95911394368619,116.64677705836338,0.0603735662614933,179.98587927669402,-0.008592383717755466,21.852667473382624
13.199999999999969,-27.951918810031685,116.635715145132,0.06039571174240905,179.99418971429768,-0.004243171787307948,27.397696688565414
13.299999999999969,-27.93793571357116,116.62221058732733,0.060418797293537406,179.99476530406005,-0.0036985516223453007,33.38667322293885
13.399999999999968,-27.92233124770192,116.61073667201408,0.060378465502707666,-179.99859822672715,-0.008554903406871605,41.7033796481264
13.499999999999968,-27.903880783724997,116.60648594314941,0.060408001972313524,-179.9999189203021,-0.009897879343152,49.79341702189752
13.599999999999968,-27.88394853812179,116.60665215154171,0.06040919903313514,179.99791547421836,0.0047453395800370925,57.542038835003346
13.699999999999967,-27.864921652465334,116.60110272667744,0.06041714278016831,179.9980877704974,0.0024577689091854326,64.49039911390285
13.799999999999967,-28.81155623481877,122.04845104597183,0.06038551791497418,-179.97587591405772,0.017111774061377535,-91.06043471812079
13.899999999999967,-28.830694590291905,122.02368146022565,0.060335087155907824,179.98620860426226,-0.01790745228323345,-92.82196254906744
13.999999999999966,-28.85103934434994,121.9949869233244,0.060412427243237976,179.98301640809163,-0.01974791282407451,-93.63257811634801
14.099999999999966,-28.87509138304301,121.9630520310737,0.060243669926247786,-179.97565171283716,0.0647226361037823,-94.35801184450679
14.199999999999966,-28.897025254974825,121.93804779024698,0.060411291884003765,-179.97773486855908,0.049591346079855596,-95.09545371580222
14.299999999999965,-28.914148011785567,121.91828518966614,0.060247401823805835,179.9666874966957,-0.03249889578377628,-94.75385025513124
14.399999999999965,-28.934252099150843,121.89807114906966,0.06037562262695721,179.9637687776637,-0.030512904185013224,-91.30491173811474
14.499999999999964,-28.96076441916856,121.87360902629257,0.060430427095462466,-179.9943415377647,0.038196368138185784,-87.60128527628939
14.599999999999964,-28.988520750509885,121.84954232657014,0.06036155703162636,179.93377822487204,-0.04617819999183003,-82.24950609257995
14.699999999999964,-29.021272441791115,121.81896564410393,0.06013823828912551,179.9667150808205,-0.0432975414707974,-76.19925031844572
14.799999999999963,-29.053391482754165,121.78178039488641,0.06031692941172535,179.95774263943522,-0.05086413044523713,-71.72933491436503
14.899999999999963,-29.089028239513986,121.73936790833112,0.060311101292889094,-179.95746929648456,0.009264657608678973,-66.45661830153158
14.999999999999963,-29.125269420164603,121.6989984008834,0.060358137941382374,-179.97441142756088,0.0035541393063587483,-60.81099703239338
15.099999999999962,-29.15748376581932,121.65956862712484,0.060391670949559245,-179.9902233047517,0.005811447355763725,-54.83607674124632
15.199999999999962,-29.19039143914628,121.62569276930107,0.06041202764773445,-179.9931634244704,0.006110590699489303,-47.01634432743752
15.299999999999962,-29.222861854061577,121.59446036364922,0.060374945668069044,-179.99131582197384,-0.0042238926423675376,-39.43535442999232
15.399999999999961,-29.250239860835585,121.56356992195855,0.06040552648486444,-179.98963478717593,-0.004447083874197883,-32.26235769606319
15.499999999999961,-29.273668068397622,121.53412373389136,0.060392195788774534,179.92892733511786,0.031115896338350015,-26.464476920096743
15.59999999999996,-29.30157395373425,121.50546303244352,0.06038338869064335,179.9669842121805,-0.0008319959303940863,-21.88801888863416
15.69999999999996,-29.326586726060373,121.47522780967384,0.06039545842033369,-179.9925095333989,0.010034899533855042,-17.922686680572866
15.79999999999996,-29.353889370724936,121.446228920623,0.060408561549393516,-179.99553830959138,0.0049869892102387195,-12.827675179416076
15.89999999999996,-29.3854227088539,121.42104442108197,0.06035685919847053,-179.987733269128,-0.05732270109550259,-7.8228125848673224
15.99999999999996,-29.418749656925943,121.39347660788385,0.06037812898769973,179.9837816346694,0.030741622485886484,-3.9202045066280973
16.09999999999996,-29.45194138701068,121.36524153283796,0.060397812321973075,-179.98934439413614,-0.029568014116631066,0.18310517294110043
16.19999999999996,-27.387300081543373,114.63404529910478,0.060422246323413566,179.99951072628687,-6.740281579398871e-05,98.28964834966604
16.29999999999996,-27.392868032251254,114.59911031913,0.06042234049335242,-179.9996203914102,0.0006717959488684289,92.15288804055544
16.399999999999963,-27.40365985382018,114.56288492956168,0.0603219824975359,-179.90885898846662,0.01538521433206626,86.04646461247026
16.499999999999964,-27.41771486264959,114.5274977772802,0.0603587829546493,-179.9702503402041,-0.011712125596787247,81.90334704440383
16.599999999999966,-27.433714616452306,114.49369838841919,0.060379838618430576,179.97348871560865,0.012787527040580279,76.955473803255
16.699999999999967,-27.44539789667448,114.45764139859946,0.06041102053357645,179.99894130402802,0.015570862888178093,72.48656628647579
16.79999999999997,-27.45628437861455,114.42181403233468,0.06034463545953808,179.99106049320352,-0.017714256953371293,69.01163727933874
16.89999999999997,-27.467694238195463,114.39090698544534,0.060394318664404444,179.99036210249642,-0.018655123169290726,66.11008747458459
16.99999999999997,-27.473601593186125,114.36618455744284,0.06036857303640677,-179.97709501305653,0.01528068894727983,63.34608823787038
17.099999999999973,-27.47954605140741,114.3407321626009,0.06039359584346776,-179.98789311590536,0.014449296889057044,63.25927968915341
17.199999999999974,-27.490323927707255,114.31168041030328,0.06030136515110644,-179.98289805102422,0.019955446373982003,63.13049328639439
17.299999999999976,-27.50478881236967,114.2786226257741,0.060375525736737184,-179.98728783865488,0.019937394063302607,63.121236136651916
17.399999999999977,-27.52491682744177,114.24091261448874,0.0603995197503214,179.99000400861976,-0.0027843482678810523,63.288568939592665
17.49999999999998,-27.543382632748646,114.20309223903227,0.0604116495312232,179.9952449601788,-0.0010719652711121675,66.80505048229321
17.59999999999998,-27.55747133413909,114.1674347032607,0.06041811278470563,179.99860592894518,4.7504894826124424e-05,70.54114758019533
17.69999999999998,-27.564844969182364,114.1310742087886,0.060421455254056795,179.99909419471547,0.0002656606056860855,76.27920534816094
17.799999999999983,-27.569151267805147,114.09344203559509,0.06042215986582399,179.99967832188935,-5.7665944825906395e-06,79.62576565199743
17.899999999999984,-27.568244413333936,114.05370154472801,0.06042277801137291,179.9999338971884,-6.0094777804258966e-05,82.20378978436318
17.999999999999986,-27.5602092613406,114.01661020240759,0.060422984389786175,179.9999880985938,-1.1540324382731076e-05,86.34975276204264
18.099999999999987,-27.54727508369945,113.98487731372805,0.06042300887587129,179.99998892314073,-1.6380172486176074e-05,90.05230278552224
18.19999999999999,-27.531674579693714,113.9596817330609,0.0604230473034204,-179.9999985815684,-5.191464123570395e-06,92.05517623779296
18.29999999999999,-27.516994240613826,113.94061421770192,0.06042304708156203,-179.99999817818545,-7.507005818140202e-06,92.99497926054626
18.39999999999999,-27.505297829340144,113.92921919348333,0.06042305796224015,-179.99999912192072,-1.0463161930584714e-05,93.38169705383875
18.499999999999993,-28.538358732985905,119.239839857975,0.0604230541516465,179.99999891392247,-4.386553921129572e-06,-161.1375390456043
18.599999999999994,-28.609500260246335,119.27791556664674,0.06042305344842084,179.99999986279852,-7.153517017384133e-06,-165.0946191081888
18.699999999999996,-28.686027548872776,119.31308224658603,0.06042305927088337,179.99999925307458,-4.4503377717600845e-06,-168.64409652121842
18.799999999999997,-28.763722908750953,119.34652299562663,0.0604230528876403,179.9999995258092,-3.6002452789581094e-06,-172.17806942204223
18.9,-28.846283101277827,119.37920694328591,0.06042305345126505,179.99999936738706,-1.868656362818271e-06,-175.1653049499073
19.0,-28.930190999431595,119.41094094278178,0.06042304820386722,179.99999963706085,-3.2019855588708464e-06,-178.1483814021938
19.1,-29.018964642777803,119.44221284338656,0.06042304886537234,179.9999995639793,-4.4764198752352535e-06,179.5222098479241
19.200000000000003,-29.111121169377743,119.4720342815877,0.06042304760293098,-179.99999995976765,-6.9340802091115575e-06,177.2890147568166
19.300000000000004,-29.208498332298966,119.50094901819773,0.060425896900397964,179.99993027774863,0.004122941705019399,175.40131505763605
19.400000000000006,-29.306050333349226,119.52773512235198,0.06031308332859504,-179.97434309487426,-0.01682383121157327,172.8673290405582
19.500000000000007,-29.40905226877461,119.54873415938633,0.060358546532032036,179.98672383646286,0.007040446966972729,171.31606648004654
19.60000000000001,-29.50795671601949,119.5711448793586,0.06039565286118747,179.99014870521458,0.008124572721251543,169.20778727577763
19.70000000000001,-29.602813341054308,119.59732483044883,0.060399188701763924,-179.98664482171165,-0.04891228235265562,167.38249480576067
19.80000000000001,-29.695230786004426,119.62147399944227,0.06040059340981053,179.98856165206058,0.01567166228741132,164.44755939138741
19.900000000000013,-29.781702007843972,119.64574346536327,0.06022494269866674,-179.9317311732643,-0.01669967484416173,160.74531556979557
20.000000000000014,-29.86293318244946,119.66731976988252,0.060240678580164436,-179.98439022839446,0.012816428825039226,156.15607756314589
20.100000000000016,-29.936787545395852,119.68111060063566,0.06031516020032455,-179.986505377939,0.010817327014273272,151.67617277738933
20.200000000000017,-30.006997431496263,119.68767783027184,0.060367922829462406,-179.9896511381722,0.012154397336465065,148.24041644852178
20.30000000000002,-30.070553897064578,119.68675719523617,0.06038206305351055,179.98503806036456,-0.013184152089811068,145.01699814328987
20.40000000000002,-30.134386907349906,119.68458410883318,0.060394377859944504,179.99199892383314,-0.006354240921373572,144.52377323131319
20.50000000000002,-30.201950084355506,119.68856202130169,0.06040170487666097,-179.98914539462044,0.01261113339745451,144.42307065254278
20.600000000000023,-30.26995670462837,119.6942488896666,0.0603592616391839,179.98564344566103,-0.013643558094978808,146.15994247272863
20.700000000000024,-37.65869479995287,122.4687361770209,0.06041332057389436,-179.9969739461695,-0.001694786244009493,-67.74389674877307
20.800000000000026,-37.62499157562217,122.48027536958345,0.06042189439664741,-179.9969906724453,-0.0022248810402456416,-65.94364576706568
20.900000000000027,-37.58541346487559,122.4874721996276,0.06023608416718781,-179.99836864336066,-0.024026585972558932,-64.07526773000286
21.00000000000003,-37.53968606371128,122.48779959678903,0.06032644680824588,-179.99941248740012,-0.024278980301356688,-62.45711067366785
21.10000000000003,-37.489232298873205,122.48396666406344,0.060364587745317055,179.9992071594858,-0.009862137475480303,-59.97516229309729
21.20000000000003,-37.43510396497661,122.47571861901794,0.06040014024606388,179.99868044778427,-0.00995879236712708,-56.65088352703049
21.300000000000033,-37.38282027220022,122.4619290136978,0.06041365406834093,179.99898282354695,-0.004117513790442998,-53.652749322761935
21.400000000000034,-37.329868350634946,122.44603312955019,0.06041898201940551,179.99868497492614,-0.0023728624668088298,-48.763087752545836
21.500000000000036,-37.27830361148428,122.42654953022313,0.06042200579261664,179.99994500033964,-0.00039103844259556276,-43.978902122658916
21.600000000000037,-37.2234152977573,122.40565906232119,0.06042266204319475,179.99994071033422,-0.00023760704209162088,-39.02311711871318
21.70000000000004,-37.16785039908453,122.38096849711351,0.06038462073723904,179.9874880429618,-0.004151231399412471,-33.21232784928447
21.80000000000004,-37.111995321530124,122.35506917715821,0.060404406738275615,179.99378831724925,-0.008480480999811748,-26.31721601727509
21.90000000000004,-37.05812402405681,122.32738744346881,0.06037051754598267,179.9834935112777,0.0157624172846395,-20.58495798883506
22.000000000000043,-37.012145100117195,122.29638772550449,0.060414168350105775,179.99733371255638,-0.001801158043691367,-14.841355037872983
22.100000000000044,-36.96570129661964,122.26286326279205,0.06041814510274668,179.99811574622964,-0.0014589944513342156,-7.682058537988012
22.200000000000045,-36.91352768469634,122.22537941050741,0.060422295359734986,179.9998357974171,3.472272531018373e-05,-0.30886644299466226
22.300000000000047,-36.8653464355974,122.18335348546317,0.060422724913912755,179.9998438577411,4.7550865960412735e-05,8.161023407641775
22.40000000000005,-36.82035912221425,122.13932672734362,0.060422863313956486,179.99994470867424,4.2488746593860245e-05,16.085713475128813
22.50000000000005,-36.779165985897265,122.0937995582098,0.06042294386118311,179.9999669449717,3.084841297601493e-05,19.958273763471173
22.60000000000005,-36.7431898904523,122.04399010397229,0.06035828901416974,-179.96071673698975,-0.09982582336549621,23.985371393764588
22.700000000000053,-36.71127986310378,121.99651686275348,0.06038735647250973,-179.99736854048606,0.014886434372613411,27.255449315686615
22.800000000000054,-36.68426833586134,121.94964975949604,0.06041552164276486,-179.9978691500416,0.009554896189170844,31.909742104938697
22.900000000000055,-31.04924727874762,122.00914028271043,0.06040705556979747,179.99433657655172,-0.00010847649530972273,-29.959405442990438
23.000000000000057,-30.975091386957498,122.02688895418959,0.06040293156840979,-179.99001273449065,-0.008852469632049643,-37.35083119602428
23.10000000000006,-30.899135735450308,122.04290564188409,0.06036037745139465,179.9586187010539,0.02097563604700254,-44.7544696031907
23.20000000000006,-30.8280674970728,122.06045114671153,0.06039583323100313,-179.97573256455095,0.007139648602571957,-53.29430590452866
23.30000000000006,-30.757927703636643,122.08078831323282,0.060413265818223365,-179.99203588990383,0.0005373979565002709,-60.06995063049027
23.400000000000063,-30.691371635621035,122.10504397380836,0.06048915836565317,179.92944074907865,0.04262881080188786,-65.45476009773252
23.500000000000064,-30.626587666470638,122.12902688956969,0.06039607959021197,-179.98727528355312,-0.05053339579699283,-70.29243307852184
23.600000000000065,-30.559938772382978,122.15179809088391,0.06031152400292846,179.9852556343527,-0.03224300501922326,-74.91742692830421
23.700000000000067,-30.49804479713419,122.16967709539841,0.06040020417697935,179.99242226167536,-0.02483003918723378,-80.06039053273578
23.800000000000068,-30.438460345533496,122.18721004683037,0.06040941889975556,179.99938883930074,0.004910661137281497,-83.87866789025935
23.90000000000007,-30.38378052415438,122.21029288078915,0.060428658064927976,179.99952419408714,-0.009368720711127916,-87.6005241338399
24.00000000000007,-30.330523078805975,122.23105919371933,0.0603807822121128,179.99879206590194,-0.016042607867743693,-90.79061197637567
24.100000000000072,-30.281858940660733,122.24642138286119,0.060421130063240555,179.9995538086993,-0.018455405335552615,-94.34277366866796
24.200000000000074,-30.234757316996518,122.25716037416383,0.0604179661460775,179.9996437839246,-0.0016893607576785113,-97.89333642330057
24.300000000000075,-30.19314297986657,122.26254262458225,0.06037274552669163,-179.9722283425283,0.020776548437284822,-101.56783802258853
24.400000000000077,-30.15334616586038,122.26103383475561,0.06032907649078167,179.9822365222851,-0.03304813681511064,-104.53931071968859
24.500000000000078,-30.119521572073143,122.25204173136464,0.06045018780877407,179.98733215991697,-0.03220555462132644,-107.05170938655685
24.60000000000008,-30.085309407601034,122.24089463661018,0.06033755864128384,-179.97356231152048,0.031158097383249216,-109.21805474651313
24.70000000000008,-30.044769323518338,122.23506179453294,0.060307104553455775,179.95635922345585,-0.05737554781512564,-111.45737329330977
24.800000000000082,-30.004015661432316,122.22788093562718,0.06033799995770058,179.99296714531047,-0.024559542367916454,-111.72743327778502
24.900000000000084,-32.12286882035071,123.38096157611223,0.060459338582450464,-179.95824094110338,-0.03439433721552261,-118.34914178818323
25.000000000000085,-32.1047953297074,123.39381223845601,0.06031209937096866,179.9387535137611,0.06724636879602931,-110.23785078768881
25.100000000000087,-32.091201780443704,123.41171335793118,0.060458083000658594,179.9783203510486,0.023644186470892652,-102.27188395418553
25.200000000000088,-32.079151115293705,123.42859183074515,0.06027602584580243,-179.97285741365133,0.0046276361604463715,-96.20101292602837
25.30000000000009,-32.06100229668876,123.45034772581785,0.06036270960034912,-179.97221351935045,0.002747594194299977,-90.94690669559603
25.40000000000009,-32.038181499410925,123.47125179206698,0.0603907686940655,-179.99414261491881,-0.005869344684453804,-85.5189413109376
25.500000000000092,-32.014277962027684,123.48470367879584,0.0604202226876794,-179.99129925942557,-0.007496457576597037,-81.89023081563397
25.600000000000094,-31.987875538011853,123.49599801579095,0.06041189107602045,179.98793190756112,0.0030642877775483345,-78.82228200594159
25.700000000000095,-31.96412779933831,123.50879096574126,0.060418705993425574,-179.99301983929325,-0.0036302132663151594,-75.32999283037228
25.800000000000097,-31.940414428839293,123.51966659755229,0.06030550760353773,179.99098832070587,-0.023412876782962763,-73.61962374777771
25.900000000000098,-31.92072555496817,123.52350779037864,0.06036713475345484,179.99857815844754,-0.0015682750416996273,-73.25931024695448
26.0000000000001,-31.90605217201124,123.52250492208856,0.06037508278159033,179.9990542309659,-0.0016475447809379264,-74.11047983430069
26.1000000000001,-31.894389041729678,123.51404930946954,0.06038390643324279,179.99876839098744,-0.0018699534384258871,-76.41094996205231
26.200000000000102,-31.887818443421896,123.50005585796036,0.06039086663699208,179.9992818825991,-0.0018180868464860976,-79.28864420726816
26.300000000000104,-31.883765452510115,123.47883110339113,0.06039879772300713,179.9990110916303,-0.001968020336205181,-83.0673869991092
26.400000000000105,-31.885227776080622,123.45202294848526,0.06040446891013242,179.9995016654892,-0.0018119299493297872,-87.58025536513799
26.500000000000107,-31.889799857020005,123.41828260797261,0.0604112856814425,179.9992569847251,-0.0019064748722373447,-92.70377081815681
26.600000000000108,-31.895689878976988,123.38074596267936,0.06041551116742809,179.99969486484568,-0.0016901600216846187,-95.1175535771299
26.70000000000011,-31.90349356003229,123.3367490914046,0.060420419532191606,179.99957715207196,-0.0016991694182877633,-97.36102074910117
26.80000000000011,-31.911555896058847,123.29351311174774,0.06038625056022809,-179.99070922589428,0.008576025751891713,-99.91690310837278
26.900000000000112,-31.916857256330978,123.25565415809733,0.060412132975744624,-179.99265936812128,0.005936925044827746,-101.83001621709394
27.000000000000114,-30.15446400138534,125.48455701222265,0.06035094011736492,179.96196728394116,0.0010936268203408676,5.936222911128026
27.100000000000115,-30.245637903603544,125.46505213711117,0.06039547127746771,179.98703696868895,0.0059447556192623405,8.299684329471699
27.200000000000117,-30.335943113139567,125.4440667233297,0.060410166966550424,179.99462483535214,0.0012418230146465992,9.373716355653949
27.300000000000118,-30.425781618396126,125.41790867154259,0.060417708596145314,179.99847411571713,0.0026144436529496476,11.61775278698798
27.40000000000012,-30.51186678718338,125.39101586164462,0.060424297988383335,-179.9879090672259,-0.011669711035071847,13.96909205893059
27.50000000000012,-30.599035393576546,125.36109610902169,0.06056548987086003,179.90506583192604,0.1118863220407757,17.382503411778824
27.600000000000122,-30.68471413319492,125.32701628115812,0.060124870128693324,179.99246497806917,-0.009423125558910917,18.942671486346622
27.700000000000124,-30.763056753150142,125.292440976547,0.06018716881096059,179.98932744101626,-0.013909156041890492,18.83300691377918
27.800000000000125,-30.8330613491975,125.25120626104791,0.060248395212949855,179.99294621787618,-0.015345558832152835,18.393080935676092
27.900000000000126,-30.894786049336766,125.20983449377259,0.06031167396909726,179.99243509102078,-0.014523141822572467,17.216874687224742
28.000000000000128,-30.948369492578337,125.16352323017641,0.06036178376429732,179.99571445820797,-0.015525373875761226,15.761543745110146
28.10000000000013,-30.99415610707107,125.11785780446863,0.060393516077430064,-179.9922139922378,0.018714947153521396,13.447074541713542
28.20000000000013,-31.037831975514187,125.07309455960497,0.060409918335345356,-179.9993690718946,-0.00430052919780734,11.702239075509587
28.300000000000132,-31.07430825912053,125.03502547138847,0.06036855735560216,-179.9957922279278,0.06428578945833201,10.435365154536717
28.400000000000134,-31.109199670604973,124.99952780516007,0.06039905097965157,179.99515135486928,-0.007238808092131987,10.255605353632621
28.500000000000135,-31.138172778365494,124.96442987733776,0.060423661690365185,-179.974243816261,0.035923428874687344,9.771251439797021
28.600000000000136,-31.168845512007902,124.93144687109276,0.0604015301880775,179.99648670329162,0.004940651463764546,8.780675294255675
28.700000000000138,-31.20516423618082,124.89639838420007,0.060423026012961185,-179.98821593143964,-0.018962399201767018,8.95569417851351
28.80000000000014,-31.241427989641224,124.86144594547547,0.06038174754339941,179.98106061512632,0.008193955983260177,8.600958012402506
28.90000000000014,-31.280337835898568,124.8226032902686,0.06040308575683129,179.99718518367365,0.010025568730656945,8.786804660603728
29.000000000000142,-31.323211803586936,124.78349568503468,0.06041097653316652,179.99843359630796,0.0031735490584708405,8.50336332322329
29.100000000000144,-29.135673901386255,126.53843258011294,0.060310528509257895,-179.97849685363573,0.06376428232066432,94.34969530066316
29.200000000000145,-29.13273084185973,126.56253814961158,0.06036498932454008,-179.99989117815346,-0.009132882876960633,95.94379229703476
29.300000000000146,-29.13546349752526,126.59236671481393,0.06039329128187489,179.99918259377915,-0.008805230792829973,98.28494788830236
29.400000000000148,-29.140397200074016,126.62669129264988,0.060405167433121035,179.99983819532835,-0.0049736690908376915,100.17761929757438
29.50000000000015,-29.150068159982432,126.66826252632471,0.06041953166505354,179.99948727756848,-0.00451203631131815,102.31466647616485
29.60000000000015,-29.16046896488901,126.70815753536401,0.060166952043072944,179.9349068866534,-0.06816870333637268,104.93547696633674
29.700000000000152,-29.16960035336354,126.75325569033143,0.06053239198758371,179.91388589410403,-0.10203489178902261,106.27081806054751
29.800000000000153,-29.175132009450184,126.79845337261489,0.06029314885652669,-179.9880141997907,-0.015619830689340784,109.25115084973146
29.900000000000155,-29.18575035980202,126.8463685309433,0.0603664254345058,-179.9860890814489,-0.016824326997574815,113.32058786412057
30.000000000000156,-29.20000212669365,126.89662603119938,0.06039235292689491,-179.99461720448468,-0.008043700978028201,116.39259862388165
30.100000000000158,-29.219949462231718,126.95210453699379,0.06042676284611188,-179.99398108965272,-0.00842099119401546,118.8591848127527
30.20000000000016,-29.24274397553427,127.00670420072197,0.060408559457641675,179.98821787833415,0.004340752384084833,119.1345415329982
30.30000000000016,-29.260767046025283,127.05858185153511,0.06041701805614066,-179.9973291210202,-0.002359554431866912,119.03096920120562
30.400000000000162,-29.278281939756397,127.10697303011032,0.06041968201365723,-179.99931938425226,-0.0007137386484655937,118.87659287508845
30.500000000000163,-29.301610035106027,127.16055280993095,0.06042299075838386,-179.9992614611829,-0.0007470678582373361,118.24946615001338
30.600000000000165,-29.328846975123813,127.21522545440978,0.060335388170712975,-179.98144806016478,-0.010410334513313664,117.16222041478358
30.700000000000166,-29.36139291170367,127.27420231480293,0.06039582497188426,-179.98008876211037,-0.010891008353378686,115.7609817049693
30.800000000000168,-29.39799756847528,127.33068668132015,0.06039608128741283,179.99694079462873,0.0046737013192735405,114.19712555557656
30.90000000000017,-29.429862926029944,127.37927844631513,0.06041676301423257,179.99645981460483,0.005728332280372868,113.33022060754679
31.00000000000017,-29.460914443838785,127.4199647729493,0.060417478860907654,-179.9997149479123,0.0011484785138448654,113.07942205994664
31.100000000000172,-29.48854389883872,127.45271508341216,0.060421828210080276,-179.99972071142633,0.0011451046777376,113.53608791116784
31.200000000000173,-29.51565890558873,127.47935026711382,0.060418117935715374,179.9966916352804,0.011302102073492496,114.2252750974676
31.300000000000175,-34.95785277904468,130.63052157698672,0.06042305322875199,179.99999987511063,6.032112132886592e-06,-28.665967832114635
31.400000000000176,-34.95313098227659,130.6750334158934,0.06042306272926771,179.99999902085054,8.026913194935002e-06,-21.982871910106628
31.500000000000178,-34.95107617424665,130.71922808934022,0.06042305402279619,179.99999939446565,3.841614878568134e-06,-14.914544813906572
31.60000000000018,-34.95567391744389,130.76401430905716,0.06042305603758328,179.99999906480065,5.388334110079058e-06,-7.53623076984195
31.70000000000018,-34.963765307081296,130.80792913240225,0.06042304942633584,179.99999915243453,3.526878716155387e-06,-0.5569865807165203
31.800000000000182,-34.97853127460386,130.84983219998114,0.060423050912646534,179.9999991823877,5.075802038172116e-06,6.707320416317263
31.900000000000183,-34.99850375331923,130.8906914374556,0.060423049043218435,179.99999984290565,7.095015437982917e-06,13.450650463229364
32.000000000000185,-35.02518164567154,130.9287918659132,0.0604230580421058,179.99999929668047,7.896902121019625e-06,20.747276411113734
32.100000000000186,-35.05537588934574,130.96548195767377,0.06042305158696121,179.99999961165497,5.820821316508453e-06,27.726736761725526
32.20000000000019,-35.09117377114744,130.99764128241327,0.0604230580835889,179.99999924056564,6.626494451066812e-06,35.11357323235217
32.30000000000019,-35.129900964237194,131.02808242828408,0.060423051888327674,179.9999998846652,5.8175647184682035e-06,42.04089790821354
32.40000000000019,-35.173583012642034,131.05322509505913,0.06042305903295744,179.9999993255705,6.853239558936477e-06,49.14552144528887
32.50000000000019,-35.21842382591418,131.07595484209028,0.06042305207185783,179.99999998156656,5.318565283084348e-06,56.40060120703735
32.60000000000019,-35.267106868257606,131.09247117554432,0.06042305916488242,179.99999918255318,7.170356153764338e-06,63.924397211787095
32.700000000000195,-35.31553928289087,131.10616029274502,0.06042305146769142,179.99999977940823,4.689819874179006e-06,72.03981330774606
32.800000000000196,-35.36601221017872,131.11334842656413,0.06042305767432266,179.9999989816416,7.452820532923496e-06,80.72952765250456
32.9000000000002,-35.415222388084594,131.11718994904356,0.06042304969866014,179.99999948849185,3.7907049507577895e-06,89.47509128469208
33.0000000000002,-35.46332349941276,131.11476388340955,0.06042305377799436,179.99999885355405,6.511687662660703e-06,99.0388129784373
33.1000000000002,-35.50997674898843,131.10737061987373,0.06042304848151169,179.9999997464265,5.878733607226631e-06,107.66977793569309
33.2000000000002,-35.5536733088777,131.09362731092276,0.0604230582554893,179.999998701496,8.600708730936623e-06,117.0082534251603
33.3000000000002,-35.596199694279385,131.07580872178292,0.06042305168769438,179.99999985982487,5.833518361114069e-06,125.71217777333966
33.400000000000205,-33.63825381477944,127.45709667784944,0.06041743770131197,-179.9990173764889,-0.0008326059369055213,-70.67941901728378
33.500000000000206,-33.61065234041109,127.45663439236843,0.060421209953968893,-179.99937892111467,-0.0004421361720451221,-73.85139115522126
33.60000000000021,-33.579721843527004,127.45421106366402,0.06042227004505604,-179.99971796873305,-0.0003464699496501987,-79.88729142199554
33.70000000000021,-33.54658108127214,127.44786703792158,0.06038540334337518,-179.97941684775364,-0.01688696076419485,-85.89879430018048
33.80000000000021,-33.513876730162686,127.44418872124733,0.06029665563726283,179.96492162428993,0.03954388552880745,-93.01179624813555
33.90000000000021,-33.48673853688427,127.44687079878676,0.06046575144420393,179.97509832543486,0.030436360431476184,-100.72076629801394
34.00000000000021,-33.46302228907803,127.45077294097118,0.06038120590980653,-179.9899034386056,-0.011821754326478884,-108.78842044664619
34.100000000000215,-33.43921497715443,127.44940189058708,0.06042174044625372,-179.9984428378923,-0.003024972547626423,-117.14564733629591
34.200000000000216,-33.41413128893721,127.4474201826217,0.06024875920191411,179.9945463550227,0.007343175159630868,-124.25740723925762
34.30000000000022,-33.39219306365178,127.45295958605858,0.060288229365838296,179.99500578966055,0.006938508024971542,-130.3832404670286
34.40000000000022,-33.37509348117794,127.46551579802461,0.06030946161588872,179.9955112434623,0.007555428997769315,-134.57104689244196
34.50000000000022,-33.35824662350609,127.48514955177468,0.06034514348309899,179.99543850360143,0.007550138501815829,-138.7253366301418
34.59600000000022,-33.343949206106785,127.5116609098955,0.06036323351578656,179.9962684197238,0.007687453447843856,-140.90091145608804
34.700000000000216,-33.32651706695763,127.54422649060251,0.0603957003179206,179.99592868750582,0.00790040237984574,-142.38117543028451
34.80000000000022,-33.306538598328295,127.578945509265,0.06040494773175193,179.99701661080107,0.005543542425722985,-144.37302080232143
34.90000000000022,-33.28247191261123,127.61685609032347,0.06041839831222452,-179.97786892942915,-0.03189009419005336,-146.7269553261798
35.00000000000022,-33.256762489048455,127.65499022810872,0.06037072632738568,179.9867443016362,0.002703904014139527,-150.94086991493955
35.10000000000022,-33.23285832377797,127.69607176265254,0.060404694213377845,179.99077343470785,0.004912732664068602,-155.6561644555111
35.20000000000022,-33.20807328389984,127.7410877037053,0.060417120493123255,179.9956676830476,-0.0003909403531438448,-162.7690475556936
35.300000000000225,-33.18623262786652,127.78882368861956,0.06039370002927374,-179.9504610860992,0.006703451205876128,-169.71836025158126
35.400000000000226,-33.164932376884686,127.83428741510244,0.060463733917034634,179.9518641706694,-0.04512792947084029,-176.89240638625662
35.50000000000023,-33.145357941679094,127.8824566095141,0.060310081823558286,-179.92045651998887,0.05102760551281197,176.20519867523421
35.60000000000023,-33.12298539959083,127.92409618031509,0.0603882493043546,179.99356613513262,-0.01974666492573092,169.59413985189698
35.70000000000023,-38.02995794003743,134.2111395221277,0.06041988269100437,179.9985010459278,0.0004443461970558474,-38.14217662790645
35.80000000000023,-38.09257457485104,134.24905894178397,0.0601345581760883,-179.9522268733131,-0.052725438078311336,-45.853122287779684
35.90000000000023,-38.14660144051793,134.28165122611887,0.060389472473129355,-179.94245291384752,-0.06468393424797275,-54.6218774154413
35.99600000000023,-38.197403738920165,134.3127195647827,0.06032465787327511,179.97349164779507,0.027050383856356313,-64.42907545559935
36.10000000000023,-38.25306806535157,134.3470163622239,0.060440202354058045,179.97655706548105,0.023325464484239476,-74.81992511965495
36.20000000000023,-38.31328307424907,134.3848215059176,0.060282980666829564,179.97708367220784,0.029363236297813303,-86.02875943454697
36.30000000000023,-38.37406818535017,134.42725750423236,0.060402738852874525,179.97951991300926,0.026372208120663102,-98.63670033029865
36.40000000000023,-38.43831293783687,134.47270808502,0.060384401226631274,-179.99147755770434,-0.00042958926647356893,-110.90096897029989
36.500000000000234,-38.49728598068431,134.51642824479507,0.060408360786128865,-179.9941889633751,-0.0020371318847706714,-123.32168641167793
36.600000000000236,-38.551639894577725,134.5530262963161,0.06041818333044044,-179.99688755083787,0.0006689891360736268,-136.57661751589546
36.70000000000024,-38.60135354597352,134.58880339488215,0.06027382711381832,-179.99694996845943,0.03492511405177616,-147.21854123074235
36.80000000000024,-38.6442471170119,134.62811499248423,0.060366905598529225,-179.99125075216125,0.03565151804392695,-155.4374456594283
36.90000000000024,-38.67943924153208,134.66402857700788,0.06037533995218687,179.98136332188375,-0.04381005680338159,-162.48260732777075
37.00000000000024,-38.71286027110234,134.7028505295261,0.06037973131513978,179.98621064947034,0.013682043630774106,-168.14468141009368
37.10000000000024,-38.740386227213726,134.7454873025301,0.06044264789914576,179.9874307393048,0.012728080769957639,-173.68039645905884
37.200000000000244,-38.76117265510979,134.78933430959754,0.060191514898780336,-179.96660042170865,-0.023125294528095742,-178.39178189603123
37.300000000000246,-38.782510839374424,134.82659078871302,0.060336306543909285,-179.96321762419788,-0.028315357792197557,178.60313080270896
37.40000000000025,-38.80706247117423,134.85993348269386,0.06035867826530149,-179.9885868886539,-0.004333139258632905,174.61542305083114
37.50000000000025,-38.83211860220882,134.88815135224732,0.06040170656865898,-179.98835122152343,-0.0045613554630827115,169.1078571044096
37.60000000000025,-38.860827755839864,134.9115955475812,0.06041531989736887,-179.99759237177932,0.0017789884585397602,162.56121194672303
37.70000000000025,-38.88676706700969,134.93044390029235,0.060416550481473145,179.99531821390903,-0.000904231259173164,156.55501685935025
37.80000000000025,-38.91359815400272,134.95264000478068,0.06036911541555754,179.99742952682928,0.027213899350525796,151.4425595005295
37.900000000000254,-38.9380243480915,134.97099262095398,0.06030559539725241,-179.99762247543796,-0.061932731815150334,145.61574337642907
38.000000000000256,-39.828861978327815,140.04704373968275,0.06037827935558358,179.9838330208598,-0.09534604250260156,128.44145389638197
38.10000000000026,-39.80442292529186,140.05178811632453,0.06028354954763626,-179.99354383082175,0.053637813160073336,134.97612341957094
38.20000000000026,-39.779540610533196,140.0511367544571,0.06035400031307988,-179.9997313998619,0.021699433101497082,141.94345350085456
38.30000000000026,-39.75570245578803,140.0471735545094,0.0604016096897867,179.99815533291246,0.02017605767412983,148.3230336846018
38.40000000000026,-39.727584959227954,140.04300280752074,0.0604103343697723,179.99983248758252,0.004864575496148998,154.36961349881517
38.50000000000026,-39.699595194975984,140.03662231613737,0.06041869223908711,179.9997242979226,0.003594224061491297,160.12058728080197
38.600000000000264,-39.667879386329815,140.0313570994553,0.06037496883251683,-179.99115569708715,-0.11936779925440796,165.69010853239962
38.700000000000266,-39.63903758890578,140.02231934522746,0.06028608038712693,-179.99988602399483,0.008539761288932203,170.76626105046472
38.80000000000027,-39.60396724157898,140.00993312222766,0.060312087951691816,-179.99917771472062,0.007024773132824195,173.1660465686714
38.90000000000027,-39.56401223616138,139.9930501412096,0.06033884394311738,-179.9994712818032,0.00876263168746569,173.99368365509991
39.00000000000027,-39.516860863186345,139.97274366148326,0.06036384874001646,-179.99874979222213,0.007333523888219935,173.26561430288066
39.10000000000027,-39.46491160433722,139.94849279093324,0.06038870701267146,-179.9990905053654,0.009165921117574864,171.11264441220004
39.20000000000027,-39.40752528063387,139.920805828126,0.0604075505872545,-179.99992929531092,0.004786010577239132,168.1490388416274
39.300000000000274,-39.35115639582576,139.88919024573386,0.06041600700390562,179.99984849873945,0.004546280809072387,165.76221735589726
39.400000000000276,-39.28935254764295,139.8605138204496,0.0603443830333941,179.98318957780785,-0.08846052546135778,163.69788182208538
39.50000000000028,-39.230821276644804,139.83596702786426,0.0603132048218997,179.98602143000213,0.006808527205128449,161.12285473260104
39.60000000000028,-39.167565717841406,139.81638959592166,0.06036458596210946,179.98760711196124,0.005616984451179615,158.27273549087997
39.70000000000028,-39.10315510432212,139.8037170808665,0.06039827016379937,-179.9900645510277,0.0029247082961112864,154.43716734223094
39.80000000000028,-39.03798481173274,139.789862404868,0.060412149239057605,-179.99692325721946,0.0026430550104261964,150.86126991386234
39.90000000000028,-38.97379772027867,139.77196686801844,0.060418681807319206,-179.99798266110315,0.0012972551574741773,150.7384502156414
40.000000000000284,-38.910039992771146,139.74755334187327,0.060581617661769616,-179.91098871039068,-0.07062390173840737,151.08152149701033
40.100000000000286,-38.849089808504246,139.71937966147487,0.06037842630373421,179.99661235108897,0.017232430079585408,151.1628652537942
40.20000000000029,-34.514185857083085,143.2477608687838,0.060284306664643995,-179.98474844429794,0.09085323963777799,-114.49565125441016
40.30000000000029,-34.5105030543963,143.21691851930365,0.060314781938156474,179.99648905662457,-0.0019113248508160004,-113.61618388097523
40.40000000000029,-34.509722678672986,143.18692504761168,0.06033010876635372,179.99701797580772,-0.0021885306768867348,-111.42572672655042
40.50000000000029,-34.51661882233538,143.16106604680857,0.0603451984279315,179.9971081440775,-0.0018278810264886903,-108.35832610746878
40.60000000000029,-34.529867290851676,143.13478972768934,0.060357653673631266,179.99755956764366,-0.002064785643209901,-105.96173109673016
40.700000000000294,-34.54860927122531,143.10941031020414,0.060369368271805994,179.99763919538262,-0.0016988692922573203,-101.24044640740752
40.800000000000296,-34.57348370840115,143.08295075931852,0.060379553506162635,179.9979627909163,-0.002022360858395496,-96.95797863364423
40.9000000000003,-34.60360276283859,143.05715884428892,0.0603889586295379,179.99797089068161,-0.001608930703684972,-90.11774236682952
40.99600000000029,-34.63801138702156,143.02810370542775,0.060397577285233664,179.99826317874414,-0.0019633126855577755,-84.6084721040419
41.10000000000029,-34.67420230701666,142.99518102002196,0.06040508137077098,179.99824927244785,-0.0015824250844981478,-76.97704483177739
41.200000000000294,-34.71380746554319,142.956809745124,0.06041262097760814,179.99855360241133,-0.0019246828757741945,-70.7856352941818
41.300000000000296,-34.75101511467816,142.91303260689622,0.060418520774962514,179.99848013545594,-0.0015503845171889446,-62.6655397730307
41.4000000000003,-34.787268785825226,142.86584882084875,0.06041996136961058,-179.99916046612591,-0.0003905967345237991,-53.95009682872726
41.5000000000003,-34.81984867437209,142.8175372981666,0.06034626707677535,-179.98015576268716,-0.026658773293702163,-45.957525693157116
41.6000000000003,-34.848498130100566,142.7676810794235,0.06038370782240463,-179.98902804463614,-0.00439197633015539,-41.01101049539586
41.7000000000003,-34.87117830597298,142.7170785356798,0.060404309782451766,-179.9993254957569,0.002972927156728059,-37.41834658240044
41.8000000000003,-34.89424768914774,142.67339733939684,0.06041486375537222,-179.99950410898467,0.0031205102873802827,-33.520334181677036
41.900000000000304,-34.92112433867483,142.63564830969932,0.06042284262056171,-179.9994777038703,0.0030287538045414663,-30.107314087730735
42.000000000000306,-34.945394792040275,142.60067068699934,0.060300090626744095,179.9840899363521,0.04832892043794705,-25.704423222759132
42.0960000000003,-34.972999261070264,142.5667375687354,0.06038867210545705,-179.98487095223422,-0.07850421906848579,-21.69636691766714
42.2000000000003,-34.99782900885692,142.53392202526075,0.060372578582936466,-179.99301436425066,0.02155015475920476,-18.447607429859076
42.3000000000003,-35.02646961683148,142.50619067510777,0.06033392526166116,179.9853076776687,-0.060547226531690174,-16.070398964831522
42.400000000000304,-35.050249147938494,142.47927097340892,0.06041593475525392,179.99241596512175,-0.029515565140461622,-14.503460773962361
42.500000000000306,-29.0758372611431,135.45713918238053,0.0604177369031966,-179.9973036409224,-0.004200400883426795,-78.05800194778918
42.60000000000031,-29.010009043027168,135.40481962895586,0.060386856367003604,179.95695972523433,0.07930871387986702,-80.3571181995279
42.70000000000031,-28.951026621394337,135.35817994197333,0.060297855458606914,179.96834877510537,0.0132989851670683,-82.88451328521026
42.80000000000031,-28.897076407892943,135.3139976497564,0.06035679492557202,179.98173712771552,0.011098405700264357,-86.34295079843903
42.90000000000031,-28.84902543728959,135.27547362795826,0.06040538650476824,179.98778355755923,0.0027296924428375927,-91.15748991607806
43.00000000000031,-28.80053021550874,135.24140262822786,0.06047971985212857,-179.97162404746402,0.03316957892322292,-98.72897686341119
43.100000000000314,-28.75335785113983,135.20823270580655,0.06036100771862547,179.9621571789001,-0.0705061272599688,-106.14830055657734
43.200000000000315,-28.711873665236045,135.1768682797795,0.06041686666975592,-179.97771895928446,0.077374341419724,-112.85102875792725
43.30000000000032,-28.66790274665631,135.14568668613,0.0603107625912573,-179.9905093680524,0.05903117496158532,-118.65599664934325
43.40000000000032,-28.621623921782387,135.11585309171375,0.060377175488811136,-179.99920497510584,0.0381544815506024,-123.2346956441819
43.50000000000032,-28.576902365681672,135.08899746549784,0.0603296576853272,179.97645918799358,-0.09040112618647353,-127.41985392545105
43.60000000000032,-28.538555454130787,135.06265598719048,0.06037957325971796,-179.98157366818538,0.04097916871575286,-129.76206970293086
43.70000000000032,-28.499842878384438,135.0361679257264,0.06034188077713563,179.990652739026,-0.005751716017513775,-130.8528072785982
43.800000000000324,-28.467855095327522,135.01168558928487,0.06038062980315278,179.98992541119614,-0.006470233519934553,-130.59224695753701
43.900000000000325,-28.443579025952847,134.98759406650797,0.060397513746442984,-179.98801854061085,-0.0011422709390188977,-129.37168453516972
44.00000000000033,-28.419534935690763,134.96393330370034,0.060410675759763055,-179.99564740015887,0.0016447566117346836,-127.72223894973376
44.10000000000033,-28.392285945779246,134.94039045283455,0.0604151812870557,-179.99772876649462,0.0007134719491687493,-124.72948091169486
44.20000000000033,-28.35819042371545,134.91576954555504,0.060366939561360085,179.94949357238917,-0.028644684912076952,-119.79255398646262
44.30000000000033,-28.32489931933497,134.8965885319874,0.06034534373061049,179.98377194143654,0.018439324332530704,-112.5320406974841
44.40000000000033,-28.292306930816437,134.88379412220868,0.060399119793315054,179.9872562416938,0.021578674845720357,-105.3707798407277
44.500000000000334,-28.264262164237298,134.87648037983365,0.06023747250251667,179.99356931842644,-0.10133095116162502,-98.51713738224323
44.600000000000335,-28.241658044842673,134.86540806137262,0.06034209080525806,-179.97481822330278,-0.017531269469972664,-92.66137132139632
44.70000000000034,-28.217876040915623,134.8509937516189,0.060431352432152134,-179.97726764074412,-0.013101444760161816,-89.20782075003643
44.80000000000034,-28.19431876489434,134.83252910535984,0.060317952568509504,179.99745177676323,-0.026187685318555243,-87.1573349907101
44.90000000000034,-28.173479433694474,134.8064380016569,0.060396999067134916,179.99917682222616,-0.03265572650931101,-86.18017155367058
45.00000000000034,-28.14877689160425,134.77737207647445,0.060377999244803644,-179.99314221055025,0.04210747965397035,-84.9043409577443
45.10000000000034,-33.18999796175791,140.7288619055034,0.06037451188039057,-179.98869186585333,-0.005841162360955238,11.845757078202075
45.200000000000344,-33.19920902135679,140.72774891596788,0.06041471630339497,-179.98970347052315,-0.00440180161521103,14.882543640004325
45.300000000000345,-33.20501951435523,140.7313795040999,0.06041430249177054,179.96458139563387,0.013999341256185382,17.516946877086458
45.40000000000035,-33.211895777781955,140.73025709587466,0.06025038745951357,-179.9789146626782,-0.08815868260635226,19.904923831951784
45.50000000000035,-33.215453524572226,140.73331242865436,0.06040606753925058,-179.99070062516302,-0.04511186063506069,22.90094192678027
45.60000000000035,-33.218741785930405,140.7372883673543,0.06038512677311279,179.99390709996,0.0007387274959393128,24.759315609760492
45.70000000000035,-33.21889345719105,140.734855637713,0.06040454138326274,179.994611032658,-0.0009852601913250916,25.340832224997257
45.80000000000035,-33.213526690446535,140.7266443035795,0.06041846510070895,179.9959588311275,0.00015946278032326726,27.04017123022312
45.900000000000354,-33.20619152228855,140.71804284754268,0.06033923773289724,-179.97359173662545,0.02158656606580739,28.610837927680883
46.000000000000355,-33.203668981586546,140.7099959647727,0.060349495642359724,179.99203361692062,-0.037942399152235,30.258651856199705
46.10000000000036,-33.19918897078315,140.70132114791716,0.06029421405174596,-179.99927128579267,0.03494586309606703,33.61972607646066
46.20000000000036,-33.19931385446758,140.6919598344496,0.06039210640264992,179.99965407793758,0.029136623137177967,37.901547266887945
46.30000000000036,-33.199525518941044,140.68070748347373,0.06039014154360697,-179.9916256651181,0.0015072924086068048,41.331967584676136
46.40000000000036,-33.20543047780561,140.6731695962714,0.0604050964576981,-179.99572899247804,9.566895329403475e-05,45.394104381296906
46.50000000000036,-33.21199797995133,140.6711420250475,0.06041519870511474,-179.99721568929073,0.0011341581691172156,48.29250985700759
46.600000000000364,-33.223708524088885,140.6703094442135,0.060418855510279756,-179.99893529033102,0.0005696685607604825,52.149931948419166
46.700000000000365,-33.238981373113404,140.66812875130626,0.06042178597382553,-179.99888866376273,0.0003816845286823744,58.0618937812145
46.80000000000037,-33.25760503480678,140.6623319142778,0.06031448541864095,179.99041410987738,0.019767324814509345,65.52878641874433
46.90000000000037,-33.276133842568605,140.64899068702147,0.06038080266285841,179.98726195457616,0.019981033593835736,73.4371254783175
47.00000000000037,-33.29430997827713,140.62879356380205,0.06026825347301433,179.99263151089312,-0.04866623932487978,80.65210205183298
47.10000000000037,-33.30957382377815,140.61213373268205,0.06042347210049884,179.9900101036527,-0.047382568361929375,86.14796900025213
47.20000000000037,-33.32219900965905,140.59706108762845,0.060363615032371906,179.98094500627124,0.019818850124281282,90.49135056024883
47.300000000000374,-33.332875438590754,140.58054079487775,0.06038761210583546,-179.99484737765482,-0.028674688015250752,93.77609608766477
47.400000000000375,-23.26837890047371,140.32797644051942,0.0604366115918058,179.99208439742426,0.01653972665392831,134.2700253113526
47.50000000000038,-23.236259186581524,140.26861532586034,0.06040525146393637,-179.98607854050593,-0.10225408168543001,136.90199467761525
47.59600000000037,-23.210883944492533,140.21060390342393,0.06036059659208551,-179.99031197636248,-0.021964437568995937,138.20756550230809
47.70000000000037,-23.192251232444214,140.15572707698811,0.06042932072320055,-179.99429921176494,-0.021772705980127555,138.5549936084244
47.800000000000374,-23.17516090936517,140.10176743389957,0.06039650157430817,179.99624043709156,0.06772513306796861,138.28991851673283
47.900000000000375,-23.15681168995394,140.05203638563785,0.06026096764639179,179.9966064918849,-0.004845043070190164,138.8186637681724
47.99600000000037,-23.14094346613573,140.01027211134746,0.06028515327092381,179.9957698172343,-0.004906423082694192,138.05462641731793
48.10000000000037,-23.128113910934356,139.97584709644082,0.06031144722751042,179.9965343150699,-0.00576531192245476,138.30982924850076
48.20000000000037,-23.117000542112116,139.94923577362897,0.06033593896315566,179.99578552548704,-0.005670409586917461,136.57574559166756
48.300000000000374,-23.108163585693795,139.9303503242629,0.060363414297106184,179.99573781327723,-0.0065280387495456876,136.13466478417502
48.39600000000037,-23.100965569652715,139.919667185197,0.060389451472493715,179.99555746511544,-0.00695189915563393,134.81051796472047
48.50000000000037,-23.09726459517187,139.91607285965824,0.06041884012757886,179.99557226823757,-0.00841689372378051,134.62221855951444
48.60000000000037,-23.09560098423725,139.91344799727455,0.060355173550042426,-179.99045533118232,0.0009310479644896977,135.16739167594486
48.70000000000037,-23.09718008700914,139.90973191424519,0.06038509724696521,-179.9886958023616,0.0015550665505516506,136.7702714636607
48.800000000000374,-23.101050399277398,139.89979849368098,0.060409228141176316,-179.99429036979973,-0.0021358757380630852,139.59238572100045
48.900000000000375,-23.110523223744732,139.88843817804906,0.0603125702879324,179.90286377221975,0.04846811682329059,140.84391313333538
49.00000000000038,-23.116398960151837,139.8773901926305,0.06038704547547265,179.96674499678863,-0.0024796346058917826,140.58107927291908
49.10000000000038,-23.12524764720156,139.86804740684235,0.06041927448862787,-179.99541316118444,-0.042189409843032696,140.14482275773278
49.20000000000038,-23.134337822129105,139.8548416707645,0.060368598993120505,-179.99843129028358,0.06784395592018712,139.22387463237513
49.30000000000038,-23.141530571611792,139.84157031871527,0.06022873977993138,-179.9972489392814,-0.017664257144180146,137.6990430974189
49.40000000000038,-23.152419951988552,139.83212276412416,0.06027348542175341,-179.99364611074384,-0.015302171773570017,133.41281249783754
49.500000000000384,-23.18936705847637,139.8218580340372,0.06036565557036973,-179.9934117944532,-0.013578693519367248,118.82698170193838
49.600000000000385,-23.2146992726541,139.82271832133367,0.06041350112696783,-179.9961448435057,-0.015156776309269154,109.32059660714128
49.70000000000039,-23.23918269711827,139.82497551961865,0.060422463167731366,179.9990704092999,0.0024907194413498015,100.31226639933016
49.80000000000039,-23.259519994310203,139.8267229300374,0.060355568756368175,179.99490053338883,-0.09175524988056329,91.57609970068627
49.90000000000039,-23.27559046746681,139.83126923281236,0.06024871365136565,179.99908795123483,0.006596074129634455,82.72262633953763
50.00000000000039,-23.288446431873226,139.8286513945999,0.060277880295040775,179.99911955534037,0.006076709029891517,75.40101438521972
50.10000000000039,-23.303185454317994,139.81886411796134,0.06030290841717366,179.99899798402768,0.00808748483165557,67.78023230259606
50.200000000000394,-23.31783508939981,139.8016966636917,0.06033386579472117,179.99905338431319,0.00734187531628813,61.17770034050024
50.300000000000395,-23.337089310590187,139.7779134078321,0.06035960071767701,179.99893130899244,0.009877935335015959,54.43401638418228
50.4000000000004,-23.35878773353304,139.7472834064145,0.06039358447439963,179.99900238051177,0.00895540844939953,48.60479082930762
50.5000000000004,-23.385575806255904,139.71289178801706,0.0604141098434331,179.9990954102044,0.007557633178318457,43.0346235561263
50.6000000000004,-23.41250273256197,139.67950139705096,0.060375455813299034,179.99601473982295,-0.05764165885740803,37.05771869472419
50.7000000000004,-23.440230597691144,139.65095181165188,0.06031303725000646,-179.99168151202383,0.01313665131715104,32.32389859871581
50.8000000000004,-23.47505525936047,139.62195853223326,0.06035018534308518,-179.99216669351853,0.010231545598769886,27.027012784793843
50.900000000000404,-23.516810859652,139.59364912438687,0.06039742465539245,-179.99204231803458,0.012265091563018228,20.86289984097694
51.000000000000405,-23.560255373015995,139.56714113954993,0.06039562103691359,179.99374873628986,-0.01429919090052633,15.749288678628263
51.100000000000406,-23.597735402191823,139.537623843722,0.06040596413960618,-179.98472860929883,0.04936378299149306,10.5001627409134
51.20000000000041,-23.63528411322377,139.5081545712921,0.06031679468818243,179.95842400873576,-0.05248579554309083,7.024875686910986
51.30000000000041,-23.66808081168968,139.47507294081691,0.06039812113637025,179.9957376569967,0.004905359570475242,4.229795762032396
51.40000000000041,-23.70255564990667,139.4415452192474,0.06041229056993753,179.99783586762035,0.006130369575029985,0.5653931132833329
51.50000000000041,-23.742632478763674,139.40744510759887,0.06042205313434083,179.9993617764609,0.0034001996375689087,-2.806182277461886
51.60000000000041,-23.78697145399961,139.37288535337046,0.06032211201431623,-179.9472087483384,0.036410174507375506,-6.435973186437472
51.700000000000415,-23.835431059726517,139.34247490731155,0.060320600426604455,-179.99025466864342,0.014042861468299514,-9.904389551291782
51.800000000000416,-23.886985335062676,139.3178805763042,0.060373656506113316,-179.99250761676677,0.009982560943620086,-12.403923649533954
51.90000000000042,-23.942858313217315,139.29598580106222,0.06041211022355286,-179.98926774585217,0.01046882118528506,-12.246654899624192
52.00000000000042,-24.000327508942867,139.27879159662336,0.06039923412233185,179.9786387892283,-0.006911655108071134,-10.665855371926604
52.10000000000042,-24.055930531836484,139.2574434241285,0.060410707514697445,-179.9965402302474,-0.0017085018138474014,-7.699928507870499
52.20000000000042,-24.15678913775593,139.2185191669105,0.06027538236203122,179.98173395329417,-0.03703607329784736,-11.58724808511463
52.30000000000042,-24.198080662886692,139.195097959151,0.060393004869643684,179.99006440448053,-0.03561866426184016,-16.25742973991046
52.400000000000425,-24.232869977382983,139.16639111430334,0.06039705026528582,-179.97318618752067,0.0714998336283296,-21.210634275031918
52.500000000000426,-24.263280511163256,139.14025762731748,0.060304699167978475,179.97392469278336,0.042497894339371955,-26.028328072773686
52.60000000000043,-24.296878836462202,139.11384355003472,0.06035936836841396,-179.9903431488181,-0.019861686062921647,-31.323040103458077
52.70000000000043,-24.327608540733266,139.0877281184912,0.060313085822327125,179.970276708717,0.05611334645211782,-37.06923436981164
52.796000000000426,-24.361305659746588,139.06137811719157,0.06036577690341853,-179.9815672411786,-0.06409168962266429,-44.10475177722006
52.900000000000425,-24.391201016645734,139.03568192942842,0.060388824557532195,179.9964551940577,0.008449481624275992,-52.21026367029109
53.000000000000426,-24.42180816715868,139.01289311974878,0.06038598725122454,-179.98778215870686,-0.0248786042990841,-61.06158281743063
53.10000000000043,-24.450078408373873,138.990826082656,0.06039918203520518,179.99559017620186,0.01282562726977542,-70.90953252362887
53.20000000000043,-24.479138179195434,138.97494287138161,0.060376568841866235,-179.97828017436532,-0.03464886650809616,-80.25740792759993
53.30000000000043,-24.50703538298311,138.95821272816727,0.060254602586809834,-179.94549715252978,-0.044221911526150286,-89.70160765871182
53.40000000000043,-24.530944476011655,138.93468395046668,0.060397551468411255,-179.95094017186284,-0.025527907426327687,-101.13909694620428
53.50000000000043,-24.54869323477706,138.90644992313227,0.060161492240833794,179.95121486745884,0.07261135162590159,-111.2400854893675
53.600000000000435,-24.562904050108184,138.88426067832128,0.06041924635511209,179.9569200981187,0.09794807960153963,-121.73568527286423
53.700000000000436,-24.578820730289895,138.86750926108655,0.060465501942711566,-179.96560335545004,-0.11220106460705653,-132.3029398735337
53.80000000000044,-24.592053362900707,138.8487614612981,0.06036214385268742,-179.98217953487222,0.0028782619719641724,-143.04374173788744
53.90000000000044,-24.602880040287694,138.83016975608786,0.06037581884346314,179.98913639243688,-0.016806792929383845,-150.89599382623135
54.00000000000044,-24.6213197333752,138.8103261297331,0.060438950085576516,179.9895566025225,-0.019173444612241256,-156.7411944941909
54.10000000000044,-24.639664425545007,138.7897207326644,0.06040667003033334,-179.9943293801037,0.020574784521791102,-162.9145717676535
54.20000000000044,-24.656232114320698,138.7669135311755,0.060395948529709184,179.99391598222678,-0.013168815564005752,-166.3669948135071
54.300000000000445,-24.678666937795633,138.7466855151391,0.06042088387685012,179.99730831292376,-0.008195401949400247,-168.87762820033058
54.400000000000446,-24.704735228638246,138.73041103422224,0.06041813388182645,-179.95213566278912,0.10562927670007415,-171.627812895116
54.50000000000045,-24.725484100522984,138.71164119140207,0.06031155707586053,179.9852390033184,-0.00590887319196761,-174.36726194156844
54.60000000000045,-24.744517488520586,138.6993716665914,0.06036063233791295,179.9904394694893,-0.009773517902175956,-179.2129787407026
54.70000000000045,-24.769888039000005,138.69158903850345,0.060373159063157635,-179.98181191429768,0.10001041380705909,174.72678517453355
54.80000000000045,-24.79539936864323,138.68363350282,0.06040567230662405,-179.99828159984497,-0.0033493698934335884,168.59252017805284
54.90000000000045,-24.82732349508264,138.67506868218965,0.06041662367018747,-179.99867166189722,-0.003897909815358715,161.48974416890215
55.000000000000455,-24.86552758772058,138.66319049188888,0.060420730369828236,-179.99939751596182,-0.0012504891978030726,155.26898204951138
55.100000000000456,-24.90246104239906,138.65366661464057,0.06033257573465193,179.96789203094906,0.015764882430141618,147.99605150514716
55.20000000000046,-24.939257607605775,138.64453478050618,0.06034924630077209,-179.98537438200927,-0.0091977772319689,142.05850244289633
55.30000000000046,-19.652974044098222,141.51432181630426,0.06042280653805054,-179.99990830090636,-4.9870926803137554e-05,53.41161921513543
55.40000000000046,-19.649264083314822,141.50476475713353,0.06042290862644356,-179.99993014734738,-5.645979507556016e-05,46.44476816072817
55.50000000000046,-19.645132330423287,141.5010420669889,0.06042303041693563,-179.9999799314241,-4.1078798502853345e-06,37.697151751969976
55.60000000000046,-19.64322290360444,141.50067201873875,0.06042304509222961,-179.99998896853577,3.203614197676952e-06,26.33264455105432
55.700000000000465,-19.64404845227272,141.50227588196515,0.0604230465578932,-179.99999447863746,3.731330224627101e-06,17.096521881979086
55.800000000000466,-19.65015940646561,141.50633130903003,0.06042305322412158,-179.9999966846158,4.58125523455519e-06,9.785014526741705
55.90000000000047,-19.662657445035606,141.50903442836213,0.06042305478187159,-179.99999636082546,6.902192279460698e-06,2.9339175265710753
56.00000000000047,-19.681362855221874,141.51404784689734,0.06042306565982237,-179.99999820110398,9.23174135363862e-06,-2.6269614190689703
56.10000000000047,-19.705481781620986,141.51805446655052,0.06032868694431386,179.99146790519447,0.060707532379047094,-7.64188544995259
56.20000000000047,-19.735342825811202,141.52018051516598,0.06038221479164714,179.99080717136258,0.024733089825702336,-13.099890796879736
56.30000000000047,-19.770312142006073,141.520865812427,0.06033337850551268,-179.9619627610311,-0.020219321938112877,-18.85655211093529
56.400000000000475,-19.804615147811322,141.51977604268973,0.06038099325265226,-179.9750947196099,-0.017233093370117726,-25.55543646058559
56.500000000000476,-19.83572528116738,141.52278866281196,0.0603270982699053,-179.98620165689292,0.0057000911870750195,-32.1839939013416
56.60000000000048,-19.866184461185476,141.53148314834948,0.06037685411514218,-179.98543405708185,0.006883173026092742,-39.16013744036814
56.70000000000048,-19.899231521217732,141.54517992816014,0.06038982961619587,179.98414612875882,-0.0071245861885251395,-44.53931717030221
56.80000000000048,-19.93112738053519,141.55447757136042,0.060401225497556686,-179.99283369440496,0.0006049735027339981,-48.17433579057157
56.90000000000048,-19.96073199848478,141.56581500065866,0.060315944236064664,-179.99676977147104,0.01647024458377055,-49.85637916309552
57.00000000000048,-19.99402306443673,141.58267315541477,0.06037434401829568,-179.9969603669977,0.01548169588926419,-48.916899386739786
57.100000000000485,-20.029792934317292,141.6054889577682,0.06040778361654557,-179.99715283033555,0.013599572443122598,-47.45741988628232
57.200000000000486,-20.06641812306866,141.62823436938694,0.060355843080228386,179.99002101667165,0.014511428138066048,-43.44089684556178
57.30000000000049,-20.108086139316022,141.65255215360722,0.06041122006974062,179.99237805105597,0.012432535444817537,-40.023857480071285
57.40000000000049,-20.150068423828667,141.67458345900863,0.0603966783308196,-179.9876196528385,-0.0023734369306686698,-38.15178105657587
57.50000000000049,-20.187114629483727,141.69714031487717,0.060407066333217886,-179.99689773666836,-0.0008418903146475697,-37.57558860839887
57.60000000000049,-20.216919546279914,141.72213748177543,0.06041362800902296,-179.99805928368514,0.00042239821022066714,-38.65285878547642
57.70000000000049,-20.24454908237844,141.75188514304386,0.06041954496241655,-179.99857646305765,0.0001040449037213067,-40.48570672977012
57.800000000000495,-20.2699729814313,141.78432762411984,0.060420360693186084,-179.99945819294828,4.242695756552551e-06,-41.66499639230094
57.900000000000496,-20.291864192127814,141.82160668206905,0.06042180421598073,-179.99961757508646,-0.00013995444485041675,-44.12814141424635
58.0000000000005,-20.308427927483915,141.86307700119704,0.06042274427806651,-179.9997264219165,-1.6320231123684498e-05,-47.078015475531934
58.1000000000005,-16.920973625658256,149.95173093335305,0.06037906155876822,-179.977773753107,-0.012374662026644253,-125.87412268111052
58.2000000000005,-16.90937516508404,149.95785480691947,0.06040170016827674,-179.9978107247554,-0.009187942825177684,-133.31576477614948
58.3000000000005,-16.900098059111013,149.9613633192324,0.06032703990146112,-179.96550002219283,-0.02567033957776507,-140.45370180916214
58.4000000000005,-16.89319879011979,149.9618233394309,0.060393107665323284,-179.98058533007108,-0.025011919099127037,-148.2921466539034
58.500000000000504,-16.890487165883,149.95640450804572,0.06035989158495264,-179.98782519663334,-0.005568880591778982,-156.18655686360808
58.600000000000506,-16.890949727228318,149.946066605784,0.060389749091353105,-179.99072768886347,-0.005395642157243253,-164.41160944189986
58.70000000000051,-16.897949700534188,149.9299172784965,0.060419875098988225,-179.9941136531509,-0.002093564656468054,-173.24719966755674
58.80000000000051,-16.90804749474841,149.91754464233145,0.06038987161763494,179.9154969928837,-0.019139734629755312,175.38152148080394
58.90000000000051,-16.91736065675376,149.90589970214793,0.06044671023512066,-179.9764466381896,0.04060301428110766,162.59664180946257
59.00000000000051,-16.926247804367506,149.89463209670734,0.06029315000424968,179.97332362180842,-0.05024529485569704,151.26776194141067
59.10000000000051,-16.936479395832173,149.88917648531472,0.060365945573638606,179.99110277827634,-0.014061293633421236,141.23113561859284
59.200000000000514,-16.94750278585211,149.88780094095878,0.0604102451211735,179.99403154779108,-0.014799349615407255,134.92038482015636
59.300000000000516,-16.960617167108488,149.89128651595257,0.060380218391241185,179.98943692347115,0.018809846636479666,129.16438448173184
59.40000000000052,-16.97526756729913,149.89487214711005,0.06040071941224003,179.99861912309353,-0.008967135108764636,124.20164341390598
59.50000000000052,-16.99348665893274,149.9024250045737,0.06040033466839946,-179.991157096253,0.040013092289861524,119.59542424269328
59.60000000000052,-17.0140537691568,149.9062464406473,0.06028088101586106,179.99336373279633,0.043565125552900014,116.69599175857587
59.70000000000052,-17.031326310979658,149.90595547193385,0.060424939344643595,179.98682156402498,0.04867393509258371,115.66976304867053
59.80000000000052,-17.045175598908916,149.9060122591066,0.06036146269392744,179.9644339807578,-0.01734769084357303,115.74256270840198
59.900000000000524,-17.05566016670858,149.90863396396946,0.06037168178885651,-179.98743114233207,0.025172602395249852,115.42417733429464
60.000000000000526,-8.895770105384507,145.38626669709578,0.06041695075459513,179.99901704693136,0.0034971269005791873,26.759174658599946
60.10000000000053,-8.94892653111936,145.3501717076541,0.06042002649911431,179.99917188438604,0.001506926818268419,24.067865513181694
60.20000000000053,-9.005786721513303,145.30880743391202,0.06026590110361769,179.99616403752543,0.02458946332054915,21.556291514178135
60.30000000000053,-9.067333912332195,145.2632165835553,0.06034861309339119,179.99670441341118,0.02240420630337926,20.324144196371112
60.40000000000053,-9.134152678718262,145.2156832579481,0.06040054553714804,179.9974300797848,0.018447435778149186,19.396243540877208
60.50000000000053,-9.202301760842088,145.16977524722094,0.06040822143267858,179.9979907255416,0.005380535247084317,19.07862917564751
60.600000000000534,-9.27257237843433,145.11966367048083,0.060421264529047385,-179.99998675712592,-0.00034473403451649017,18.92604853857777
60.700000000000536,-9.337536309572785,145.07097602849927,0.06042249467894411,-179.99997219411014,-0.0004033703980108231,19.51867834160169
60.79600000000053,-9.396297513697718,145.02373384935834,0.06042412582805513,-179.99928625565664,-0.005616612076200695,19.509875469002264
60.90000000000053,-9.453730725418048,144.97644694433387,0.060404039976566584,179.9990946975505,0.006996935818393199,20.318355232085658
61.00000000000053,-9.513717330710326,144.92552854516532,0.0604180894658612,-179.99641773747393,-0.01014920858514876,22.716342487575677
61.100000000000534,-9.5779739730064,144.87299379798645,0.06036055713311426,179.95947573316982,0.023182310668420518,23.024792639555645
61.200000000000536,-9.646288364843956,144.81532033876846,0.060246634688901506,-179.93171073389652,-0.0019406233780463339,22.840671225424646
61.30000000000054,-9.714286234525755,144.76161925886075,0.06037567706391076,-179.96781591600185,-0.0029384025535905134,21.481887556796483
61.40000000000054,-9.780306193086204,144.71191120310445,0.06039507511346157,-179.98960444155793,0.00010684379519904606,19.46052302551588
61.50000000000054,-9.84632391426305,144.66876747840996,0.06041249136778026,-179.99722496128723,-0.001657656996922676,15.940627713059826
61.60000000000054,-9.90719618329457,144.63100891908044,0.06042000604418537,-179.9981230210984,-0.00043170349564891907,11.216174540375818
61.70000000000054,-9.96452635014352,144.5983954905514,0.06037706000151652,179.95499107925536,0.0004758205523548122,4.6285953623485865
61.800000000000544,-10.021258734693028,144.56812860057596,0.06053828144145692,-179.88633728942833,0.10147037283684215,-2.0416949151082946
61.900000000000546,-10.077432354346312,144.54188711697233,0.06036658529189429,179.96336685765647,0.007451630390744394,-7.570980656345117
62.00000000000055,-10.132184401272347,144.51146797397766,0.06034776953788916,-179.9472950222989,-0.026426235205428823,-12.678546770142221
62.10000000000055,-10.182654777484455,144.48121403105586,0.060430436150059115,-179.96907142811415,-0.013734107180738716,-19.557916427787728
62.20000000000055,-10.231455616918822,144.45613083743632,0.06041650209724602,-179.99083850865915,0.0025309912639780207,-26.13631438847547
62.30000000000055,-8.330534587108977,148.56915060062119,0.0601163904575134,179.9912119572227,-0.060073114072724774,141.82417179833377
62.40000000000055,-8.34099540819001,148.5738680667172,0.06033038927941567,179.99170816998358,-0.06590199672688946,148.50303290192278
62.500000000000554,-8.35314472357804,148.58345438077413,0.060269225564068794,179.9773669756524,0.03490343559062557,154.53859520489655
62.600000000000556,-8.358207211156026,148.59312634220842,0.060358993015140125,179.98021281523106,0.021206669900662986,158.05056960663077
62.70000000000056,-8.356300391964135,148.6034861464589,0.06043698564242908,179.98981620865536,0.024745377691083644,160.54962365009348
62.80000000000056,-8.353071510784295,148.6161566101332,0.060457285448776946,-179.97833387482265,-0.051371917883864866,162.41758227445504
62.90000000000056,-8.349516843059416,148.6241849797543,0.060330238926943225,-179.98797409533904,0.01926250818973534,164.27088324648136
63.00000000000056,-8.339752035787978,148.6327584065376,0.060366244377359414,-179.98838239948807,0.016166741697357597,167.0149549575548
63.10000000000056,-8.324224742048882,148.63713850437316,0.060336498417033084,179.96109101008852,-0.028313694610209415,170.25788247571185
63.200000000000564,-8.308446176439368,148.64167969366795,0.06037690329527708,179.9843275900419,-0.022241598959272524,175.28515545098435
63.300000000000566,-8.297748661332813,148.6528336937546,0.0604232033984006,-179.99653098669788,-0.00034499306019845016,-179.37309037208868
63.40000000000057,-8.29178290012219,148.66799068699737,0.06034948369379762,179.94175300180373,0.006791520311026699,-173.42201945990146
63.50000000000057,-8.285521334003306,148.686141699555,0.06042230651588455,179.98107322732417,0.00684148057177561,-166.8595886060811
63.60000000000057,-8.278974504194055,148.70392281595036,0.060449159593408824,-179.97102184049572,-0.022467832994283326,-160.81367772349853
63.70000000000057,-8.273751932842123,148.7204820205184,0.060388832523550186,179.99467462969176,0.010265161081536344,-154.6922890411206
63.80000000000057,-8.265781975752363,148.74182933912388,0.060408125075911846,179.9964808919208,0.004093374311247166,-150.29912805140938
63.900000000000574,-8.252645242947672,148.76955671871215,0.06041989250031456,-179.99798058826306,0.0026958352666442563,-146.90290848233866
64.00000000000057,-8.235780803451341,148.8006765599233,0.060289352876847294,-179.9915425516131,0.01724491234522255,-144.4596848921127
64.10000000000056,-8.212575375091305,148.8332022956599,0.06036244265351449,-179.99117710877053,0.017526532710218746,-143.6707557001935
64.20000000000056,-8.185657834792133,148.8634212599573,0.06038274355480734,-179.99542010110267,0.008006318439872848,-143.80179930543153
64.30000000000055,-8.153313291421108,148.89492099028845,0.060417647539276635,-179.99444811704114,0.008798746119173133,-145.48751682364485
64.40000000000055,-8.11959255788247,148.92367808430302,0.06040297143484143,179.99064648618324,-0.0064417434073518985,-145.1538364339998
64.50000000000054,-8.091065774624814,148.950435435908,0.060430778742042605,179.99381052103342,-0.00771444208442182,-143.85219530388196
64.60000000000053,-8.067179176923629,148.97884754049565,0.06034606206605372,179.9925110891864,-0.004921375534197795,-141.69460690929563
64.70000000000053,-8.049270012901191,149.00564767814924,0.06037391927103814,179.9923374115792,-0.006039864119544139,-140.13372010558194
64.80000000000052,-8.038130375833124,149.03394526302574,0.060402317061086626,179.9922480894388,-0.0066701375312593824,-137.61211883499033
64.90000000000052,-8.031119841819475,149.0603809367492,0.06041278742748451,179.9953826692347,-0.005836281445716962,-133.79751174775214
65.00000000000051,-8.028134832111578,149.0821251405083,0.060415502894281214,-179.9944772489448,0.005727160080495299,-130.0494042560011
65.1000000000005,-10.786721694177306,149.95606781109873,0.06040258419068701,-179.9910523052161,0.02084787453462241,90.73166373276959
65.2000000000005,-10.77835729415539,149.9652193626668,0.06041744867973403,-179.99346609370016,0.01889795090727608,87.91701139816863
65.3000000000005,-10.771942458247354,149.97132047711054,0.06035695890623451,-179.991013593564,-0.019449062139353466,84.91984941909801
65.40000000000049,-10.76919384421836,149.979031148739,0.06037943892773435,-179.9910576095491,-0.02238956543106066,83.08986507800547
65.50000000000048,-10.768739236274948,149.9905323466854,0.06040514581100858,-179.9921033698004,-0.022483633628982595,81.77537354594823
65.60000000000048,-10.770188784617217,150.0063009450888,0.06042278561552324,-179.99298265519076,-0.017894152929222754,80.99581461304408
65.70000000000047,-10.771274244332254,150.02166199365826,0.06040676687414793,179.9887880268441,0.02211861971336737,80.08865339824537
65.80000000000047,-10.768807441584595,150.03423043957392,0.06041826752225108,179.9953917967061,0.020498462887712753,79.7572510352677
65.90000000000046,-10.764604341477167,150.0434305227328,0.06037563041445939,179.99818253717436,-0.013000772799285331,79.6337865718194
66.00000000000045,-10.758921860132036,150.0535498394668,0.06038499843992908,179.9975403867113,-0.013317828310501451,79.51008631573384
66.10000000000045,-10.75331378304484,150.06521257063483,0.06039382591927381,179.9977304876653,-0.01360305406504806,80.75010642967725
66.20000000000044,-10.74869912661608,150.07984283093165,0.060401884315236055,179.9984210976315,-0.013765802303739848,82.819566954251
66.30000000000044,-10.74574438618546,150.09848761649448,0.06040930857249492,179.99880144558858,-0.012514015587908623,85.31212936368581
66.40000000000043,-10.743163831685184,150.12007319457916,0.06041588210076543,179.99763228837455,-0.008322503354673265,87.49600015370521
66.50000000000043,-10.73908586516944,150.14357857897352,0.060424370016969396,-179.9992298193484,0.005283870713609137,89.16248742385405
66.60000000000042,-10.734591684773793,150.1638163649257,0.06042425322452213,-179.99960322052934,0.004588632128964593,90.68395123184446
66.70000000000041,-10.729666405318165,150.18045011871976,0.06042438576785018,-179.9997671536097,0.003286239476301832,92.24574308429925
66.80000000000041,-10.7258528536807,150.19415075970298,0.060422165400821265,-179.99967406097247,0.0002948468806736077,93.64922860925299
66.9000000000004,-10.725101046197466,150.20577025444453,0.06041618644472379,179.99490346573256,-0.002421558691322897,94.56502384451834
67.0000000000004,-10.728179088688858,150.21602671752262,0.06034161639881794,-179.95192530471311,-0.012109278480307312,94.90639052939896
67.10000000000039,-10.735430200792022,150.22574103358465,0.060368731033014794,-179.95702609089585,-0.009052398827504844,94.80883543580211
67.20000000000039,-10.746605835717972,150.2369040494481,0.060391661502671355,-179.96169488580213,-0.007476478811354027,95.04013423429654
67.30000000000038,-13.585532741160925,152.13106191217986,0.060388730751889524,-179.99912700386344,0.0053350328109442015,150.10757488022742
67.40000000000038,-13.582347518314231,152.13952126002295,0.06039391233760925,-179.9991951867079,0.005191824939728557,149.02189291129713
67.50000000000037,-13.575091481177983,152.14390430237978,0.06039892858852749,-179.99924373760163,0.004940528847645028,147.93746416955722
67.60000000000036,-13.564290822365122,152.14421345006295,0.06040329931265585,-179.99928217574939,0.004598027108080774,146.8779869932564
67.70000000000036,-13.554419276739534,152.14059909814432,0.06040670066471311,-179.99930983303543,0.004185968998090951,146.2539941656568
67.80000000000035,-13.546061450691987,152.1342935147197,0.06040829367613518,-179.9996124505985,0.0034276552870504784,146.350256976402
67.90000000000035,-13.540742233483746,152.1261799615849,0.06041038473583906,-179.99966209566963,0.0012390707998076336,146.41454810889772
68.00000000000034,-13.538184259002202,152.1190712281734,0.06041107063059028,-179.99967364145576,0.001175199297696587,145.91684646123903
68.10000000000034,-13.537308258246501,152.1145632562062,0.060411679592598154,-179.99968779270702,0.0011163655270174865,145.63554477003765
68.20000000000033,-13.537258744890877,152.11295540696315,0.06041224147413433,-179.99970288885416,0.00106104222981572,145.58759889652023
68.30000000000032,-13.537356187933776,152.11241419613108,0.060412769243861866,-179.99971781911478,0.0010089415041635813,145.59324623164903
68.40000000000032,-13.537419326099851,152.11220095912455,0.06041327088177878,-179.99973193547646,0.0009594613913212356,145.60026011918012
68.50000000000031,-13.537466262714293,152.11216781617844,0.06041374866982302,-179.99974520728614,0.0009123573428857435,145.6075724993216
68.6000000000003,-13.537482275667024,152.11216134406766,0.06041420336112933,-179.9997577575586,0.0008675435871120948,145.6132412502526
68.7000000000003,-13.537489432323838,152.11215841758974,0.06041463590327027,-179.99976966457712,0.0008249147729501689,145.61578019667306
